Product_id,Selling_Price
SCHE4YSTDVPVZVXW,2958.0
ACCEGCATKHNRXUHW,1578.5
NKCE6GJ5XVJDXNNZ,11445.0
NKCEB8BK3ZXDHDHM,9241.0
TOPEFDXSAHRNPF94,5156.5
ACCE558KZHEPZYMG,9145.0
ACCEAZCVAMFHDPY7,5056.5
NKCDYNY37JPBGBVM,2404.5
NKCEY8KWY33FCUYD,7433.5
RNGE4YPTQYRECV9J,4391.5
NKCE88AHBHJZREXH,3362.0
CLTEJ5ZZGBP4JGGE,7593.5
WATE3NWH5FZWAMDA,7884.5
CAGE53FSFZVFPFHQ,1465.0
PCSEAKVBFFPGCHNZ,3668.0
WATDFFH3KJYBTYGG,7119.5
NKCDWHFQSCHHYZMP,2400.5
RNGEB2PG3Q5RKDW6,3160.0
NKCE5UY9HHPZGGUZ,4219.5
KTAEHETW3ZCMFMJR,4032.5
BRAEBBYRVF9MHJHU,7582.5
NKCEAX7HAQ2RJA3Q,9882.0
CRTECN2RQZWBSP9W,4557.5
WATDEWZ9UHSEHGZG,9127.0
PTPEYW8HNV6G9YYR,2584.0
ACCEAMGZRRYVAHDC,4872.5
SRTEHHXG8MUXTGPA,5704.0
SKIE4S4NN4MHYM3Z,4948.0
HMBE7G34YHWPWKYN,6741.0
LLIEGTMFJBD7ZZZM,13839.0
ACCEJGH6JVTM4CBH,5405.5
ACCDQDYBXJ9HZF37,9943.0
RNGE88FRGZCXNKUG,4019.5
NKCE7M3QNNPZDXHQ,10141.0
VLBEGFFDP9H6WG2T,3381.0
TOPEAFG4YEQSH5TT,2163.5
WATEYAP3K2QQQWDH,4819.5
PCSEBDFUFJWGARNX,10505.5
SWTEGXQFZY95SKG7,4614.0
BRAEGJFXSM9ZQ6SK,6515.5
CAGE6FYKP34GA4GF,7177.0
HMBEJCMH78VJF3M8,4245.0
HIFEB7J3GSTVN5XJ,10559.0
PBXE6ZHNGZREWWHR,4627.0
PCSEAKVBNXFGZBKB,6633.5
BRAEBBMQQNZ9RZWR,5390.0
ACCEGKFCXHZZH44S,4709.5
SHODXQRRGKZ74U9M,4003.5
DREE2Y6DVEKVVQQS,4269.5
PBXE8ZHHG5Y525BT,6711.0
CTTEH9FXZHGFKUA3,7704.5
ACCDXFZXGQTBTM6N,3303.5
NKCE9PFF3TT4KSQJ,7768.0
BRAE6NZAZK77HXZK,732.0
NKCE4TV42BHDP63U,3154.5
AIREDGGD9RJPZGYW,5376.5
PCSEDAPMHR2HNHWP,8139.0
PACE95FMAFXHZB5C,4309.5
WATDG4KP445AV5XC,13650.0
ACCE9EYRRNZYZUBG,2752.0
ACCE8XZMAHNC8JVS,4021.5
SHOED5DCSTQKZCGF,3604.0
NKCE64Z4NGBHNAY7,3261.5
PBXE8WQTZ5GA2YYQ,619.0
MUGEGZUMGYAPVSZH,4183.5
PBXE4RB3Y3GXWPFV,4603.0
PCSE2ZFDJJGFNHC7,4201.5
CRTECN2QT5HKHZ8F,4727.5
MUGEACY8Q7ZYSTN8,1243.5
ACCEGG9VGRMQGHRD,7123.0
PCSE76X48PVSDDVK,710.0
PBXE6677X2D6UFZZ,5513.0
WCKEGGGD2TXHHTJC,1794.0
NKCE7MMGF4PPGNA6,2776.0
CRTECN2QYTPHK5YQ,4893.5
OIDEJFCWMMR6JQBE,5503.0
WATE5HFY4MJX6CHD,4848.0
DREE4FC4TAR8M5GN,9397.5
HACEGPF9DZVUZBFY,7593.5
PBXE4Q7YF5KUYJYW,11295.0
SHIED9YEH65NSA8N,10417.0
WATDHMQJ68MVBRFV,13439.0
HMBEGWTFEV4TF2RH,3072.5
SHIE2FH7YTVDHFGT,2944.5
CRTECN2QYRY2KWZF,4228.5
TSHEDJXPN4HNT2UP,5705.5
SHOECZH5WGBZHZES,2474.0
NKCEDCT9MSAYG6H5,5264.0
SOCEGGVYBTZPKXVP,4445.5
PBXECARAQBCDSAZW,2817.5
CAGDU85YDHP9ZJH7,1979.5
TCVEHSMFEGNCAGYN,4811.5
RNGEDAPFZ2GKRUER,5556.5
CAGDY9Q7HSNDHGFC,3566.0
NKCECKHYZVHBQU9F,3003.5
NKCDQSVCRH8W73GF,6561.5
WATD9H76RKGUUZHY,14243.0
NKCE5HYVDQVATMKF,1860.5
RNGE9GWMKVHGEYZG,4046.0
SHOEAGUMMWFABHUT,3150.0
SWDEGZMPYQGNEBHG,4883.5
TOPEFDXSHZPHCUAU,9061.0
CAGDU85Y85GDJGUD,992.5
CAGE4BQXK3FSTRRS,3097.5
CAGDZVGTV3SMMMBY,5140.0
BEOEGXRVQPCKJHYC,3325.0
NKCE9YFBBYBM88DR,2908.5
DREECZGZVWGQM23M,3737.0
PBXECYF3YHWYG4UN,1907.5
WATEBG8FGBPUPKCV,4805.0
SHIEEJG9RRDUH9XG,3216.5
CRTECN2QXAPEWXSF,2531.5
BRAEE6YMSYPNCUX3,1012.5
WATE9MVXJXHZHEJU,3270.0
RNGDREYRQQGZAPQM,5542.5
CTPEGGFSNDQFAAVE,3188.5
NKCEF2RFAPHSHZZZ,3746.5
TOPDYAZZG5NU7ZBZ,6969.0
PBXE7QPWMSS5XGPZ,1364.5
PCSECV3FHFAQ9T36,11954.5
CRNEJB4NBT9BTM84,4804.5
TSHEHU5RFJCTJKBV,6419.5
DREECZJC3XBKGDZT,5170.0
SUDEGGATGYXA9YBC,12065.5
BRAE8WYHTVZMFFHS,5463.0
SFFEGZBXTYFSYJQA,4146.5
ACCEABVYXNHCT8UE,5070.0
BWLE6SJE9PXGV6DD,6111.5
NKCDYQ3RHYREHHYV,3747.5
NKCECDCRWDMZEH2Z,2888.0
SRTEH2F6HUZMQ6SJ,6997.0
BRAE6KWFGZFXKPPB,3386.0
HACEJQY5FQRZZUGM,8242.5
CAGEYUXVF2FNARKD,3000.0
NKCE7M3QTHTCGVVF,3922.0
TOPE8PBFNH9YNHFK,4838.5
BRAEDQFRZS9QFYTQ,1128.0
HMBEJCMMQR2JHFVP,1910.5
ACCDRFVG52PHVRSK,7378.0
NKCE7MBR4QRBASDQ,3035.0
NKCDWBPZNZU5K2QZ,3248.5
BRAE8HMQATXFHFGZ,3391.0
MUGEAGGKEGCPWWPN,3369.5
BKPEGXYWWJPETZZA,5121.5
SGLEGBV6ZNUJNJS9,5688.0
CAGEYUXVAKNKDUUV,6291.5
NKCEDH9ANZGDAUWG,2904.5
NKCE5EHJHS38BUWB,3296.0
PBXE9YWGRFUQXHQH,12653.0
SHIE3QDHP5RDGMZY,2165.0
RNGE9HDVMPVBYPGJ,3128.5
SCHE4YSTCUUSJWCK,1787.0
SNDEGGTV9XERMGHH,6994.0
PBXE92XFUMB7QWY6,8311.0
CRTECN2QYK2R2PUS,3896.5
TOPEEEPVYHHF9HGW,3167.5
MUGE8F5RDEYMH4YH,3642.0
NKCE52CSJ2GUY64G,930.5
SHOE2K68QHZ3DWZF,3567.5
DREE9YJHZZHWHAU7,3809.5
NKCEACYSHS4MGKGY,12812.5
CAGECT64KH6CZVMR,14121.5
WATD9H76RG5FQT5Y,14443.5
NKCE5UY97ACC9QAZ,3093.5
LJGEG6UPBW8GKPRD,4399.0
PBXEBFGFRM5797BZ,4116.5
RNGEAY8GRWYMYSAK,4809.5
SHOEF9G8WTWGAAFB,3510.0
PBXE5ZJZSAC73ZED,8444.5
NKCEYYX9HJWJXAA8,3193.0
CAGDTFSHTF6TRBFZ,4219.0
PBXE6E6YDZDNVKQH,295.0
TROEGNQDQNGN99PJ,4270.5
CRTECN2QXC68CTUM,5857.0
CRTECN2QZNXTGGXG,5242.5
VANE4VND2XHZRCNT,5932.0
NKCE8SESMHF2VSRM,3577.0
SHOEBYY4ZDWGQGEW,7566.0
NKCEB7935AJSADGR,3656.5
SHIEBAXYS3FUTX8Z,6351.5
NKCE2YCPKAPWDH8C,2622.0
FABE92NVHZHSFHGT,3082.5
SHIE93YGTRAV6XTW,5520.5
CSOEGTPR39XZHZJY,4727.5
WATE5HFYHPFHRCHY,4794.5
BRAEBHCHY6VVRNRQ,1587.0
NKCE5QPMUZRQFDAZ,1734.5
NKCE9ABEE5HDWZSM,5764.0
SHOEJCZ28JFRY9RR,5682.0
PSLEAVTQQXEXZYYZ,4559.5
SHOE66V8UMNGZKYM,628.5
SHIE5HBGWKWJWFRA,3434.0
TOPE4HXDZHPR9K2C,1527.5
BRAEBCTWGWYRWXHC,5356.5
TOPE6ZCJBVZY3HBH,4775.0
CRNEG7BKMFFYHQ8Z,4626.5
SHOE7DJBEPYGQPHF,3461.5
ACCEHY86UG6B63AZ,4453.5
BLBEJR23J2CTPFAU,6063.0
ACCEEV5V5VD5DR9C,5298.0
UMBEJZFHE285UEV2,5642.0
SHOEBN3FFYG75P3D,2826.5
NKCEFGFURYNWH2DR,3807.5
ETHEJG7NW4M4AFCZ,6569.5
SWSE9UH4KXCHZHRJ,3203.0
CRTECN2QZ7XUGBR6,3961.5
BRAEDNX2NHZX5PKN,9548.5
BRAE73KFJGNSP2NP,1729.5
MAHEDFPZVKF79JVQ,3833.5
NKCECRQY6MGHBPQ3,8726.5
CRTECN2QYYWUXHRP,2957.0
CPCEKY4TKBYFE7PH,5538.0
TOPEA8HNSZB8VGUR,2184.0
TOPECJZ4ZDXQZB4A,5028.5
SHIE92XGJHG4HH5E,6033.5
CRTECN2QVSZXUG7X,4847.0
BRAEBBYRUSRHZD34,7405.5
IFPEE76BG92E5SVS,5578.5
CAGEBZ7UGCZZHVTE,991.5
CAGE3GFTPMNXPZAG,4751.0
SWTEDX3KRCTNHUGY,5386.0
BBAEFKXVXVM8SYZW,7165.5
PENEGZ6RHFWHX7JX,1355.0
ETHEGFZFQT7ZCH3U,2872.5
TOPEE2FFAXQGSUZH,5135.0
CRTECN2QWAGCHYGC,3725.5
SNDEJGWQSWNHXXA3,11644.0
BHGEGTAVKNNCPUGG,13176.0
BBAEGNUNHHZEYSPD,3165.5
NKCEANMPZYMHYEA3,2447.0
RNGE88Q9FH632SHU,7286.5
SNDE7PY9TG8P7YYR,592.5
SNDEHZQ7YZAHAZYP,4517.5
CRTECN2RDAKXQHYH,3360.5
SNDEAVZ4MSGYFBUD,10261.0
RTRDWBPC23ZAYMSE,10333.5
PCSDYQEW5ZMFBVFQ,10967.5
DREECZJBH8KGCZHT,8329.5
CAGED654SQMMADH7,1880.0
MFLEYGFH8PFBVRDG,4770.5
SHIEBWNUURZ8BWDZ,4004.0
BRAECTFYXKNAVFAN,5602.5
BRAECBVGHCB2FN49,4539.0
SHOEHX7CGSEMUENU,2344.5
CRTEB774NHSDW3DV,2028.5
VLBEGZ7SZFZBUGBZ,5669.5
BRAEGJFXGYFPGHYG,4511.0
ACCEGKG4S4B7QGGT,1789.5
BBAECKHYXGE3VJXB,1546.5
BBAEDVYSEN75YZZ7,6239.5
RTRDYZCGGJFBU6XM,2998.5
CAGEBTJBB5X8GCF8,5429.0
HLUEJQ3UVGNXSPZG,7646.5
NKCE8RB5WSWKJPFR,3819.5
BRAEDFYYKNGBGPF3,6520.0
SHIE2CAJP6XBWPU2,3572.5
SHOE2GUJW6XNFG3W,3778.5
TWCEJFXHGDSG5XZV,6232.5
NKCE9Z2JYUYZ2JZ3,10204.5
WATE54YZWYXR6Z7J,17595.5
SWTEEYFFFRWGKZR5,5596.0
NKCE6NHRGQJHWFDK,4848.0
NKCEYM3B6ZP3YSQQ,3459.0
PAEE8AHWJWMDAXZU,7521.0
RTRDZK8XCUEKZDFZ,3690.5
TOPEHZMHJHEMRDHY,2873.5
NKCE9AZMPE3PJPEW,4330.0
BRAEAR7WUYD3CZAT,2263.5
BRAEG7AYZAQBS3EH,6037.0
BRAEDQEEYYH4WRQK,4667.5
BRAE4F8NCQJFTGEZ,5543.0
MUGEACY87HUCUYCD,3226.0
BOTEDSEN9ZSFUUAQ,4870.0
WATE3GEYE8JQT7WM,5670.0
TOPEB96CYHMPMDKH,2172.0
NKCE5QGT7GFDSUZK,1758.5
VESEGZRVWZEYTVMG,6716.5
SCHE4YSTHJSYEJHJ,2767.5
KLSEGT5ZUGR9FQXE,5938.0
NKCE79CGHYMSS7GH,2977.5
JEAE8CZGJ8PGGHRQ,5300.0
SHOEC8QGWFF2VXAN,2696.5
SHIE6G75RNDQSGUQ,1704.0
SHODZ5YHTEHZTR3V,4053.5
ACCEKFVVZJMTYWPK,3621.5
DRPEHGFFGQTXK3E3,2679.5
CRGE4XJBHZGHJYGU,6800.0
NKCE9Q93F3HJYGZT,1845.0
SNDEGJFV5J8CTGJV,8113.0
SUDEHYGUMT6UGYAR,3002.0
RNGE7M92HQECSUYG,6362.0
TOPE7ZHYDE2MKNHF,3578.5
NKCEBHGBEABMWDKA,5195.0
PACE7ZNHBP4FASAQ,2371.0
NKCE7A3XXTTBHHC6,3616.5
WCKE2TFYTHBHTP5B,5037.5
BRAEDTPDZSCRZCYG,5139.5
SHOEBKEYSKS87GKG,3505.0
CAGDUGFYGG2KWWK7,10313.5
SHODZDAE6FKCC8AH,3611.5
SGLEGBV5STVHGKTD,5531.5
RTREBVK9HX8XJH2T,2125.0
PCSEAKVBGC7CJQZT,10420.5
MATEB88T7MVJGSG5,5429.5
WATDJYPXKHPPNGQK,7541.5
BRAE8QNFFGWGG5MY,1727.5
NKCDWBPZZSYWKHE9,1744.0
USGEJPQHT8YPZ7D8,3077.5
NKCEFKBYHXQ8VVF8,2908.0
SHOE4JCEZDRSHC4S,2895.5
ACCE9E2RT56M3GSU,4257.0
CRTECN2QXQGJ7JZD,3509.0
TOPEBS26V3JRYSF3,4657.5
NKCECZNMRRVZ9YWF,1550.5
CAGE75QCGVXYV78T,2644.5
WATDG9F74GYWEH4U,11928.0
BRAE3WVQPYSZ54FF,6766.0
SWSEBHCP9JC4GQKT,4282.5
MUGEBJ7XAFVH25VD,1722.0
LJGEATZRDCFAJGYZ,5562.5
BRAEBXRB8GFZ6HM6,4124.0
RNGEDAPFZWSSMHYW,7124.0
DREEHFABXP5AUZA8,4811.5
RTRDFFYGJ4GNRSHQ,9648.5
CBREFYM9TSSUHJSQ,2555.0
PBXE6EF4PSJX9WXH,3806.5
CRTEHSS9UZJZYMZD,2640.5
DRPEHYHG9YYHD2HH,4241.5
CAGE9AGR4VWWTDY4,7623.0
AVCEJCJQWBYMNPGU,1898.0
BRAE7T3WADAJU4ZS,1708.5
TPYEGGUFSKXJFYY5,6745.0
SUDEHYGU4GE9UCXJ,5426.5
FABEB2TXH4MGQC2H,4965.5
NKCE9G2BZAGKXPGY,4345.5
TOPE8H5DJWGAY2CD,9268.0
BBAEGGF3HF3ZPBVG,1532.0
ACCEC87TREZYJJPE,6292.0
DRPEHYHMEZHDYRK5,3460.0
NKCE5VAAPVP5DGMZ,3227.5
NKCEBZN92EJ7PDFH,2897.5
ACCDXFPYT58AGGAF,6638.0
MUGEGZUHX744RFEN,5442.0
RNGE8Z3KSHGCMSCP,2914.5
SHIEYZ3F3QWMYNEC,3099.5
SHOEJCZ2JNGJSPEJ,7862.0
CRTEB774RSGGQZ9U,3172.0
BRAE8AJZW5QBNWAZ,1717.5
CRTECN2QZ8CWZEFZ,5408.5
SHIE9FMZAH4U4H6Z,2622.0
CAGE68FFYRMDRF3X,8750.0
NKCE3GNVPGUYY8AZ,3229.0
PCSE4ZQ8TRUZDMEU,1026.0
PACEC89YGNYZCMC4,519.0
NKCE9YX24KHRDNHG,2899.0
FABE88MGUBPCQWR8,2288.5
ACCEH74HAGTY6W8P,5637.5
NKCECGVARVRMARSS,6249.5
CRTECN2QZXFVEPGG,3879.0
NKCEC8AZQUFGUXGH,1924.5
SHOED6C5ZGCBKTP2,2604.0
RTRD7HN3BBE7G9YT,3142.0
ACCEA8JPDNTF7NZN,11024.0
NKCEBHGBAFBCXXYC,720.0
PCSEC86VGEWVKHWZ,13814.5
SHOE3URGYEVZ55GD,2809.0
NKCE9PFFQHU7GTU7,9416.5
CRTECN2RCH9CG4SA,5782.0
TSHEHU5RWUGEAJFE,5146.0
PBXE92G5YEA7JAHZ,4654.0
ACCE8XUCYRB9ATHZ,3980.5
CRTECN2QWEDYMDNQ,362.5
PTPEYCF7GZU2T54E,2004.0
SHOEC9FZ3BAF7ASF,3808.5
CAGE7DSFQGVEGHC8,5950.5
SHODUMFYWTPDYNX6,4947.5
ACCE6P3BBZD72UJ6,5320.5
NKCEFG3CHGEHMRTD,3013.5
RNGEDAKBYYVCFWZP,7293.5
TROEGZ65YHBQKG9T,5545.5
BRAEDSKCXVNYXGA6,10006.5
NKCE9ZVGMHZVTF2D,4343.0
WATDUKHHH4SQXDAK,4771.0
CAGE745BJ67RZCRR,2295.5
PCSEAKVBNSFWGBGE,7996.5
TSHEHV9TPRUBUENE,4301.0
SHOEY8RMVZV3UY3A,3777.5
TOPEGWUTW6GWYSBE,2093.5
ACCDQDYBYVQZNHCH,8699.0
MUGEBFGF6MDQGHBG,3887.5
CAGE6HHHUHFQSAPW,2937.0
RNGE7GVYAP66GRDD,3942.5
PBXE5SUCYEBBSFXJ,10337.5
BRAEBBMQZBZHCFAJ,4274.0
BRAEAC839PBQV9KF,980.5
BRAEAW9HT2EUZD3X,1843.5
SHIE2QTSMSXF9QAH,3472.5
RTRD6FYYWFHEYJYE,5033.0
CAGEFPY9ZSFFNVAW,9582.0
ACCEGKTSGJEEVTZ4,6113.0
AIREDJCGZN2HKZHJ,3109.5
BRAEA5MZ8VZHNGGH,7378.5
CRTECN2QX53WHTKZ,2534.5
JWSEBCY4HDWGJZBT,9321.5
BRAEB2ZTVYY3UKWA,1687.5
WATDZMBRPYAYTP4G,7062.0
TOPE7WAUFEYYDXKG,10101.0
TSHE4DTF53HPYMU4,3833.5
BLAEE3YXZGWWT8UD,6238.5
RNGE7M925YCWZZRR,6464.5
BKPEGXWHXG4GZWET,847.0
RTRE8GJUFNETVUMZ,5069.0
SWTECXPHFVTHWJF7,10886.0
SHIECKYBNNY2BNZD,3752.0
WATE7GP3JZMFEGZG,10847.5
CAGE68FFHZRTSZS5,4055.5
ACCEGYP2TMX2NUPH,5427.0
NKCE9YFBBNJ82UVB,4001.5
HMBDRUCNJSJQRRGC,6549.0
CAGE3GFTQ3UHZ4TC,5346.5
NKCDTAXF2EYZ7MP8,2556.0
LJGEYSUNTPQZG4ZG,754.0
TOPEGF4KEGGVMSXX,5193.5
TSHECQKNFFER2ERM,3631.5
PBXE9YWGTS7NGYKT,1846.0
WATDZ5HGXEYDHBWD,12534.0
PRCDVFAFM2FPJBMZ,1550.0
PTPE2F33QGYXMHGW,3740.0
KRTEJCZ4M7FD3NJS,2408.0
NKCEAPCYFBP4UJ3V,2779.0
CAGEBTJBRFGAUQQB,4950.5
MUGEAGGKZFYBUMP9,2051.5
ACCEAZCVGGGWZGKU,5269.5
CRTECN2QVV7UJQNH,4424.0
NKCDXEGWS7VWXSEJ,2749.0
NKCDY44FMPNQHFFN,9104.0
NKCE8JXS2AAKUGGD,3431.5
RNGE88FRWWZECGGM,6584.0
BRAE7GU9K3E2PWGC,1988.0
VASEHU9W3N9RDPGZ,7166.5
PCSEC86VSX45XVZS,12462.5
NKCE49ATF8BFHDVP,10068.0
KTAEHETVCXXZRXGK,10251.5
KTAEHE9HAED4VUQB,5148.0
PACE472CMNPGQY2W,2584.0
NKCEAPCYFTHYVARD,3280.5
SHODPH4GZWVXE5RB,6037.0
BRAEB3KBY393GUHA,10128.0
BRAEB2S8RZZRXMT3,2127.0
PCSEAH5WWRYGEVGZ,7212.5
NKCEAVZ3C9CRDB6Z,1891.0
RTRDZTF9URF2UFPF,9097.0
CAGE6HYJDNZJVADS,4494.5
SWSEBHCPZGHMBKJY,3229.5
ACCDQGVSDZ92ZWGW,2761.5
NKCE4CSZUZWHUTFS,2530.0
ACCEGKFHRFGN6XZB,5517.0
BRAECGQ4GW73HJFV,797.5
CRTECN2QXZ9ETCGB,3505.0
MUGE6A5HZUJ924WH,2326.5
BRAEE6YMK83RB9MZ,5626.0
TMLED6G5MJQGNZHS,4349.0
NKCEFGFUZURHNH6R,2846.5
NKCE7ZPRQX9SBZXN,2263.0
VANE3KUFUXF2CVHU,5123.5
NKCED6EYN4ZPK9AA,7927.5
RNGEDF5HDGKZGA3T,7944.0
ACCEAZCVVFPBJAGB,7498.0
PBXEDCSE8CHTATYY,4354.0
TOPEFYB6HRPPCD8R,6504.5
RTRDTSBQW94HJ8VT,865.5
NKCEYGTGJ65HSJ9Y,1944.5
NKCEFFFPGEJSTBJP,2858.0
NKCDYASFYGXZESTM,3206.0
NKCE6SR4H3EHXWNA,3488.5
AUDCY8T7KPEG3ZZF,5916.5
NKCDWBPZCHZEYT7S,3135.5
NKCDYARBFFBQYKFH,3377.5
TOPEBZYTWUYMJXSG,4978.5
DRPEG3ZH7GJFFZDM,5789.0
SNDE6KNAQN3GFRQG,7278.0
WFCEHYZMGJQWVVZU,5400.0
ACCEGZ6BRBTGQWZY,3704.5
CRTECN2QXH4N9WZS,2418.0
PTPDZYCEDURXTYRF,1915.0
ARPEEMC95HMYAJNH,5128.5
SFFEGKYYDWTZTEQC,4065.0
PCSEC86VCFQYV6QG,6154.5
BCHEHYMBZQ8ABUUY,1412.0
RNGE87FCQJ9GRKWZ,4707.5
NKCE5ZHWX6Z8PBFH,1940.0
BRFEJYHNGYSX9T9D,3206.5
TOPE7ZHYQFFHPCBX,4586.0
CAGED6YFBH8NZQM8,4362.5
STREDF58JH3GQZF9,2181.0
BRAEA5MZDQKHUQCT,3077.0
MUGEBFGF6ZUHKH4C,430.5
CRTECYY4GFDJFKBD,4470.5
WATDZRZGZAM7HDGV,6481.0
CRTEHSSCVTZ3DB72,6646.5
NKCDXZGUZKNYVXG9,11585.5
TOPEBN6MZNGGZEMY,10500.5
MUGEACY8VQRMM4FX,2191.0
NKCE5UY9HQTQ8TBG,7487.5
SCHE4ZYTVE8DY5PP,3312.0
RNGE9GWPJH9MMNWX,5623.5
CAGE8FG3CYVFG2GM,2576.0
SHIEHXZMQPC4GT6F,5731.0
ACBEHDU9Z9DGZP9Z,5125.5
BRAE6KWFPZWJ2FHH,1798.0
TSHE8CAWEGE3CUPM,3431.5
SHIE9J6PFGP9DZAH,3983.0
CAGEYFZWNCKDDXXQ,7971.0
JCKEEABZDWF9VU7N,6900.0
SOPEJ7SCRS3SKFGP,4020.0
WATE9MVXHMTCFZSP,4454.0
CRTECN2QXMXFUYRD,1142.5
RNGE96Y49HCWGUGH,6114.0
BRAE9RDQYNWZBYJF,1808.5
RTRECFHX3TDFD9SP,7950.5
BRAE59YTMB36ZVFG,7873.5
ACCEGZ6B9MYUTYST,5810.0
SHIEF8DUHZJP8MVC,4939.5
LJGEG52SCZ5WZBKZ,4261.5
SHTECN9HDECRYPF8,6702.0
CSKEH3JPF4EJVBSF,6647.0
BRAEBBYRYT9WDJRQ,747.0
SFFEGGJYFJWAV4HV,3139.0
CBKEHGUY3GEHDSFY,5192.5
NKCE73V3DADAVHDU,3819.0
TOPEGF6QDCGCHHXY,6062.5
RNGE3YSWFWYYHNCA,5509.0
NKCE8HSQJQBPRSGY,6047.0
CAGDU9C3QVCBMQKQ,3278.0
BRAEDQDFMNC6MQZW,7294.5
SHOECB92BGNGSZGZ,4178.0
DREEAVBXKQUUVJUT,4244.0
WCKE2TFYZGPGDGGV,3724.5
CAGE9AGRUGPHV5FM,6661.5
BRAEBB6TT8GKVG8A,1896.5
CRTECN2QUCSMF4SX,2634.0
BCHEHYUKDZZPZBH2,2069.5
BRAE8JUHJB794RZY,7111.0
BRAE4DJMZCWYGDJU,4919.5
GLSEJGVBRQMYV7NE,6738.0
NKCE9Q93HRESPRBU,5605.0
NKCECATQF8ZXGXJS,3388.0
ETHEJG7NHGRFGHHK,11014.5
NKCEASCZBAEB2Y63,2287.0
ACCDSY8ERUYRYSUA,8594.5
BRAEDH76V3J4FBWQ,6247.0
HACEGPF9FJFJQU2R,4806.5
ACCEGBTPV5PPBHVD,5401.0
PCSEAH5WCDGS8YCZ,2509.5
RTRDRUZCPNJ3MTAT,3323.0
PBXE68H4WBX5AFCH,3141.5
RNGEHFDYHVSR3SMH,2738.0
DREEDR97ZHGNPWFR,5099.5
NKCE9ZGXGSETFAZU,2526.0
SWDEGU4MDSDGGJHN,944.5
PCSE3X2TJCZGDYYZ,16869.5
MUGEACY86QBJGTZA,3869.0
CRTECN2QXC7HYKPG,8407.5
NKCDTAXFXWPKGZAN,3281.0
USGE9ZHVSVH9FVHP,848.5
TROEHQYAHGHUEXXZ,5789.0
NKCED8SK6UNMAZST,6421.0
TUNE8XCD5NGNPDYJ,7826.5
KRTE7X8NADSVDEET,7472.0
FABE789N7XA5E9GY,3573.0
IRNEGYYU2ZVJQQ5T,4624.0
ACCEH5Z2YUKYQBFP,4082.5
FABEADKAG5XYGZHK,2466.5
BRAEDSGAUHAZHBY5,5833.0
CSKEH3JPCEGTMZFP,3655.0
SUDEGVG6YTPMYPU4,1680.5
NKCE48ZU6EAYFSCM,1950.5
SNDEDFE6QPNQRAXF,9045.5
SFFEGP24CR5VDNZC,6879.5
TOPEGGE5GRFUTGGB,8648.0
EMLEGMZRZGDARGR8,3976.5
CRTECN2QVPG3DY7K,2531.5
MUGE8VY8HZAM3ZRK,527.0
SNDEGAJFFK2KKKRF,4228.0
BRAEDASWQDSYNUV3,7447.5
PCSDY5AHM2SEJM4K,5524.0
NKCECG6ZNH9NXFFH,3684.0
WATECE855W5YFE3H,2825.0
SHODWMHHCXTD47NQ,5141.0
CRTECN2QYCZPHYHH,2644.0
GOGEHZ5P6TWYBFXB,2296.5
TCVEHSMY2TNTCKNC,7714.0
SFFEH2FGABYNF47W,5069.0
MUGEAGGKZFD7ME7F,1589.5
TOPE7QTUGVGEFKH6,3531.5
TSHE4S26ZSFE9JTB,3129.0
MUGEGZUJBNU4Y2CH,3512.0
WATDUNJ7PGYUWDGQ,7992.0
NKCEAJKYW5CDKBEV,9243.0
PACDZUDMCHKDHGXA,3054.0
BRAE8TFHGXKFFMAQ,1497.0
NKCE87C3JAXKXZRJ,2703.5
NKCECQYZ24MSM3ZZ,3473.0
SNDECZJR6APCXEZ4,11011.5
TOPED9T3FXS8CP8M,5201.0
ECIEF7MGVGZAZMGG,4760.5
SHIE7DFNYZC6YWTT,3443.0
SUDEJFBRVYEUZUDH,2892.0
MNKEYGQMJHGZ4ZRX,1578.5
BRAE8MVUMSMBMNJS,3140.5
NKCEBBYSAJKEEQ8K,2812.0
SNDE9WZJJ8YXWU5Q,8395.0
CRTECN2QSXEHJHR5,4036.5
BRAE9TBZWWACJHJ8,2332.5
SHIE9FMP3RBSYMEV,6381.0
DREE4DF4DQYMGDJV,4987.5
NKCECZKQGZXVZ2RY,9956.0
DRPEHYHKYSXETBBJ,3649.5
LJGE9UG8WCYXPCHA,4441.0
GLSEHFUGQRHPBV8D,4704.0
TOPE954FERN5VZYH,4498.5
TOPE7JZU5WZZVYDT,8016.0
JWSECGFU8YKHTSMU,3599.5
RTREF3PRF3M9FMEF,3431.5
PTPEAT32HSGZFHVY,2952.5
TSHEHU5RQSZZHSKF,5806.0
NKCE2RPCN6RCTGDG,5997.5
ACCE45UGGC7GVAVG,6361.0
WATEBFPXFYMWJGJZ,8579.0
DRPEFZDBMRGECGZG,4843.0
TOPE2HZRFKVVTCKU,3988.5
CRTECN2QYKFNFXCZ,1908.5
PCSEC86VEVSKD5ZY,1526.5
SGLE8YSWHJAGP3WJ,9250.0
RNGE88Q9HE9RQYEM,8928.5
CRTEA7HAFUMPQNHJ,4316.0
TUNEB42QBZHYP57B,14962.0
MTYEGUA2VUJ9UDGX,10439.0
PAEE8NDKHJ7ERAPT,6848.0
SCFEHDJKTM826ZRA,4259.0
RTRDFFYGKJAXPUUG,3317.5
BRAEDQDFGYCZUFEJ,1413.5
WATDK2G2WM5XHF9S,6206.0
BRAE3P8YWVZGNYZH,5155.5
BRAEBKJSNVGDG4DP,2374.5
MUGE7DUFGUZDQMTQ,1668.0
BRAE7Y46JXZJHN47,6644.0
CRTECN2QVB7UDF2P,2430.0
CAGE76FNT9D99PZK,2734.0
MUGEAGGKHFAM4YZG,3206.5
DREECRS4EHXNA9UH,4065.5
NKCDU4RZC2AFABJV,2981.0
SNDECYHFHV7XHZNN,8007.0
DRPEHYHGSSEPB6HW,4567.0
MUGEGZUHVZ4Y85DV,3683.0
BRAEBBMQYHRSZ5JC,2328.0
NKCEAPCXCP8GZG5Y,2307.0
RNGDWKZN9DSHFHYY,3196.5
PACEB7GGJXVVDZFZ,1764.0
BRAEDQDFSDVTSSWK,2242.5
NKCDWBPZAJH88YAZ,2993.0
NKCEB774SNZGVYW3,3556.0
RNGE88FRA9DMA4UZ,3693.5
BDSEJJ6USEQZS3QA,1125.5
MUGE9HRRKMGKHMRT,334.5
NKCEAX7HH7BFTFHF,3827.5
NKCDUYA5PQWDKMBZ,2428.0
WATEFWP4V5ZEHZZY,3168.5
BRAE8QNFXPTNHXKB,6706.0
NKCDWBPZGZJNYCCS,3606.0
BRAEDZ7TZNFQTXZA,1643.5
CSPEGNS9GZVAGRY7,4526.5
NKCE6XU6DA4HYYGN,3370.5
CRTECN2QYMHJKQ3G,488.5
LJGEATZSESZPRQX3,3214.5
CAGEBTGHSVHHWPG6,7536.0
SOCEJZT8FMXJ8VHZ,4742.0
FLUEGKG2K93HY9TC,3722.5
SUDEHYGVDNRHYPTW,5466.5
NKCECZKQCFGWJ36A,2283.0
TOPEHZNQGZJYYJHE,4778.5
NKCECGVBWQWGZUVG,1527.5
BRAEDUXKVAPEV9G6,7015.0
RTRDYYTZSUUNFFUT,3269.5
BRAE3WVQZZUJA4JW,4907.5
PELEGHQP8GMXYF6V,3090.5
NKCE9YFCEG5FXMAH,3719.0
TOPDZGV8GUEXZNUT,4840.5
WATDZ5HGRGZG4AFT,8780.5
MUGEACY8DDWFGRUA,1951.5
RTRE7FT9VKRGNTRR,8232.5
RNGE7M9279JQH6M2,8765.0
RNGE86J7VJNYBSHZ,3176.0
TOPEHZSMJYWRYH8F,3595.0
BLAEE3YX3WETHSZD,5967.5
ACCEAZCVEKWMNSEY,1071.0
SHIEB7A6NCNJNZJD,3463.5
WATE2FAHHP3FEYG6,9207.5
TOPE9PSGHRKUCXKM,5741.0
MUGEAGGKKDAXEA36,3456.0
TOPDX9TF4PYJMX7B,3076.0
SHIE9J6PVG9ZE9M5,3590.0
TOPDZFGCFH8AMJ4B,4461.0
RNGEA9ZXDDFHAVMZ,4253.5
PLLEHQV78ZFHTE7X,2619.5
BRAEDTGQMXYVF7NB,6865.0
CRTECN2QVSZP8JDW,2611.0
KRTE5PEEG7YAGENZ,11100.0
NKCECGVBKYNJGZZQ,4063.5
RNGEDAK2KK6VXQQ5,6992.0
RTREF3PGZGTGBHT7,5954.5
MUGEYYXFNGQ6A3FP,3770.0
SLOEBHYNHETSRBXN,5498.5
ARPEGDHSXZJSHGSN,3226.5
NKCECPHGBUZPN2KU,5696.0
VSBEGBH9QBHT2MQF,6752.0
BRAEB2ZTXQQTYTEP,1745.0
PANEENEMG9NPM2QQ,4748.5
SNDEHZQ7MMN272VX,3814.5
NKCED2ZGYAP3UKJY,6000.0
PCSEC86VKYNCPSDK,1734.0
PBXEBYHYS3UXVBE5,4352.0
NKCE8ZJ2PXWJQZZX,2849.0
AIREGHYGSZKZYZBB,3922.0
HMBEE965MNXMUSFY,6506.5
HAREGG26JVZYCC8B,1782.5
JEAE2KFRBNFZFWE6,2967.5
DIAEJUCFFWRXYACA,5243.0
PCSE76X4U7MFDPUZ,10629.5
MUGEGZUHAVWFHSER,4815.0
TCVEHSMFHCPGH9QJ,4658.5
NKCEFNPJ5M9JZJR7,2090.5
PTGEGUP5KM48MRRW,3297.5
KRTECAVZHVTGR2YV,6608.5
JWSE9KZTWGWKVYYH,6402.5
PCSE95HXQE744G8Z,5039.0
DREEGZ4CUZH5CATV,4158.5
BRAEDQF7KGNJ2EEW,8621.5
PTPE4P39G9SVGHRZ,3222.5
NKCE4PZ6HYWFZUAN,2417.0
SNDEDFYPJFHXG98W,2867.0
TSHEHU5RWCQXRWF9,5751.0
CRTECN2QYVBX5Y4W,762.0
NKCE8HVPEPWAU2HF,2447.5
PTGEGUZVM4X9XZWG,9734.0
BRAEDH76Q44DNY23,8237.0
INKEF7WMPUEH9G4V,3652.5
CRTECN2QS5JJAFVP,5286.0
SHOE2FQCE3QFC8ZM,3901.0
TOPEEEPV4GFFSHJG,5829.5
PACE43HF8JWNA2GY,3012.5
PBXEAHTCHTG62WSA,3141.5
PADEHZFJGQNSEVKC,3818.0
BRAEDQFRZAAEWCDT,2657.0
BRAEDSKCJJUEVC6B,1498.5
WATE8PBFZKV5BYDZ,12000.5
SNDEHYMXZTFRYZQV,6210.0
NKCDXYFHPJ4UNFPU,3780.0
RTRECTV9PSVC8Z9Y,10336.5
BRAEDXPFA43N8HW9,7176.0
PCSE4C9YYYYXGNFH,8061.0
MUGEACY82SGHCHYY,4905.0
CAGE7UCEDBWHWF48,3026.0
ACCEDTNRADHZ35UD,6515.0
SHOECKEYFVTA6E8S,6225.5
CRTECN2QTK6FRYHR,2577.5
NKCE7MMG7YSJCBZG,2483.5
PTPEDDXTMZKMNXHX,4082.0
ANKEGPVMFV9BJBJM,5936.5
BRAE8WPSGGK9DQHX,3586.5
KHREH26Z6GEDTYYH,7271.5
NKCE9YX4TREBP4UZ,3075.5
SHIEHYHMWMYPDFSU,4006.0
BRAE7KQVYF75XZRE,5142.5
TSHEHU5RHTSZSCAY,6155.5
PAEE8EZHZFKKYMVK,6062.0
NKCE7PZPCSNSCHWT,3974.5
CAGEBFPEVT4JFGPC,3087.5
NKCEBBYSAMV3GRMV,3003.5
PAEEAMGFHMZW72XN,5710.5
DRPEHYHNCZXNYFZH,9673.5
NKCEFAG9U4ZHRHKU,3680.0
BRAE5F3KGW3JVKJH,1557.5
JWSEBUKYNF45Q8DG,4766.5
BBAEGJFRDFNK9FCH,5564.5
SHIEBY82HGZCTH5D,3662.0
JUMEHUFGYXJYP29C,9317.5
MUGEAGGKY7DVDTYA,3330.5
SHOEBGHJZB2UKFC4,3711.0
CRTECN2QYUDAZJ8T,2378.0
WATDEWZ9UMDYPWYC,1824.5
TROEGZ8QS74W4XR8,10310.5
BRAEGJFX4ZCMZHH6,7572.5
NKCECJPCUYJZZQTR,2926.0
BLAEE6KTUAEBTDKS,9059.5
MUGEACY8TXGZFHKY,2408.5
BRAE8EHTNDJHDDAD,1575.5
NKCEBFWTTMZH9MAR,4990.0
FSEEHXHFG6KCYVVU,6780.5
WATE3YHHFFCUGZFB,4047.5
BRAEAM6PF9YRAWWQ,6775.5
DTHEHTAZPGKDZXWH,4009.0
BRAE7V2UXPZMDHQ7,7089.5
CNBEJ9EDXWN8HQUU,4827.0
TOPECYENWHHDGFCH,3652.0
BOLEHUEBRTVCGWMK,3655.0
TOPE8H5DGZH8GTDC,7724.5
PAEE8G6NHEZMBWGH,7784.0
LJGEG57E8US6WQWE,2925.0
NKCEAVVRVBGADAHE,8280.0
SHIEFZ2GJGAHATFG,2040.5
NKCDZJB8WUWBH49M,3298.5
HAREG4928QYXAP3E,7333.5
PBXEBQGM4J4AWAWF,5068.0
JGTECTXNVGH5GYM5,5067.5
SHIECPXYNJ8UHGFN,6742.0
NKCDWBPZ42YGY39Q,478.0
WATD9H76N5WQYVGJ,8580.0
ACCEBWRHKPQCGJNF,4380.0
NKCEB2S9MFVUCSQU,1996.5
CRTECN2QVHHZ5THC,3240.0
NKCDUEHCBEY7YZV8,1515.5
SHOED5DCYU8HWRDH,2719.5
ACCDQDYBKTC6G9GH,8569.0
WATECVGYJXPGREKD,3436.5
NKCE7TZG9AG6F3YB,3931.5
PBXED6C4RKBW8SRE,2625.0
CRTECN2QXHMJ87BG,2233.5
SNDEGFJHB7XH9YPW,4890.0
NKCEAVZ3ECSBFANG,3895.5
BRAEB9ZNSUGGSFQV,4455.0
WATE9CFHPAEU3G4B,4886.0
NKCDYQ3RWGURBTAV,512.5
BRAECRHEHYDVDRTG,2141.0
NKCED8HZ3VQRHGGF,2665.5
BKPEGUJHQSJUZBVF,2806.5
BRAECHF3WZHZBQX2,1986.0
BRAECQGS8RZDBQXM,1589.0
BRAEDNX2TYZYQQZ2,3417.0
NKCEDAN8ZMVMTDMB,5117.5
TUNEBE8ADAYHZ4PG,8014.5
BRAEDN37XKYGFKGR,7941.0
CRTECN2QYUBADBHF,3391.0
SGLEGBV6USTHRNDH,3841.0
NKCEAPCWZTGKKMGW,2910.0
NKCDSRPAFNQEXDZG,4781.0
ACCEGNVADAYPFTER,3871.5
SHOECP78YDYPYPSE,3350.0
NKCECKHZPB2JMPGF,11275.0
CAGE79CEHJZX52XS,3089.5
SHOEH4FSHEDEMVTM,3218.5
NKCE5UY9JMZP9NGF,6198.0
RNGEDAKAZXTGZNAM,5613.5
BRAE5PKZBZGYZEMH,7753.0
WATD9H76GH2CHZ48,10628.0
ELWEG4DCHBUNHUAD,5590.5
BRAEBBMQJ9ARUWCH,1522.5
MUGEACY8FADKRHPW,1578.5
SHIE53GCQDQEK7SF,6030.0
TKPEG2Z2CWU9AHXG,3938.5
TOPEGGA6H622PCDF,1872.5
RNGEFP2XDHURBWYP,815.0
WATE5HFYAAFVDZMJ,8206.0
HLUEJQ3TART8YBKJ,10001.5
BDDEH93ZEEZY7CHM,5163.5
SHOECXPMAQXZ3QPH,3698.5
BRAE8X2ZZMYUZGGU,1342.0
CRTECN2RCWZTMS2F,2264.0
PHFEGJGHPSYKMHES,1812.5
NKCEDHHPRYYZURBG,7147.0
DSEEHETVWRX9FZDT,5233.0
TOPE7H6NJKNYWBGN,2396.0
BRAEAM5DR9NS5XPE,4082.0
BBOEGP4HM4C5WXVC,688.5
TOPE7ZHZJY9AJM7H,5758.0
BRFEHWGA3B6YEWNG,2025.0
MUGEAGGKRHSXEGCV,3332.5
NKCE6TNZZKEGKPGA,3899.0
ACCEGH6RPWY9DHAB,5839.0
SHIEBJH8XQ2TEASA,1891.0
GLSEHFJZGQDR9Y6Q,5681.0
ACCDQDYBDNZRPMSW,7676.5
CRTECN2QVH5KUGW4,3704.0
CRTEB774JMYWBRMV,4062.5
BRAEAW9HUAWTZGSH,3321.0
BRAEGJFXJGTRFEYE,1155.5
SHIECRX5GAVFAKJ7,2740.5
PCSEC86VU9PMZYMP,8192.5
WATE8C5ZUTSGNEMF,3041.5
NKCE2W3WYQZ7TCRA,481.5
BRAE7DRSNFESBUYT,5386.0
PBXEBSMZKB3GTTS8,7849.5
CAGE9ABAYFMUUH45,1934.5
DREE8MF7NWZUYSBV,9056.5
BRAE3WVQHJWKQZHZ,1669.5
SHTEB5MNYHJJQGBJ,3535.0
PAEE7A8QGN6WSYAG,12231.5
MUGEACY8QAHZFFXV,1612.5
AVCEJCHZ2GVMBVP2,4723.5
CAGEBTGG3AZRBFHE,2735.5
TSHEGGCKYG5GGGMU,3133.0
MUGEAGGKKZBHTBHW,2609.0
PBXE7NYSPF4FKVY6,3063.0
ARPEEMCAMGADRCGQ,3738.5
ACCEF3Z2XMEEJVWE,7477.5
SHOEFMRZZAXFQW4F,5323.0
TWTEHH2B5EZ4PK6U,5170.0
WATDXFGTMYAAZYW8,2728.0
SHIE9J6PPZ44RZDK,4543.0
NKCED6EXHFFHUFEW,12284.0
PBXE78PHEKYZRPSC,9763.5
CAYEJFYZ6B73NUMH,1607.5
BRAE8RSAHXUVA9FQ,1498.5
NKCE9W4ZNQGHCENM,847.5
SHTEDWHGGHUZZTMZ,768.0
NKCE7ZPRDS6PZTAA,1759.0
SWTEDVZZ92PX48ZY,4713.0
PCSEC86VZVTTBKJE,7934.5
TKPDS6ZEWH4KF3SJ,7320.0
NKCE2B57DXAZBYER,2279.0
MUGE6A5HP6TG9YCQ,1704.5
BRAEB2S8SVFDT9HA,3224.5
FABE88MH9NNKPM4H,3383.0
WBTDMEZTUWBPD5DM,4024.0
VANE8KP4GWZPNKQZ,5502.5
PCSE9R7E3AFG7F9H,8153.0
ACCE8XZMBCKRGRVS,1448.0
BAAEGHPNYQ5JMZNZ,6872.0
NKCEASCZT3V6YGJV,2529.0
TOPEYJZ7PUP4YRP3,2626.0
PCSE4VAVUPCMZZ7A,3970.0
BRAE5F3KHHPXDMUR,2428.5
CRTEJU6FJTEHSVTR,5105.0
PTPDVPFYEKTVFEZ8,2556.0
JEAEHYZRRZDZZNWT,5590.0
JWSDYFUFNYBSDY6B,5646.5
CCVEFX3XNKFEF843,7162.5
PACE66XREPHDU3NH,4311.5
SUDEGGB3E5K4UNYW,4510.5
NKCEB3ZCW2HXUSFX,1368.5
PCSEBFEH9XA3B2DF,2997.5
BRAEBCY3JXSJFNZH,2042.5
CLTEHE9GGXJKCWCV,4608.0
CAGE5QJG2PSHZA28,1794.5
BRAEFR6JZXBQ9NJK,8289.5
BRAEBCY3V4ZR8UUU,6146.5
DREE3KKW8HYZJHZY,3591.5
FABE92NVVHWSKHAX,4024.0
CBKEJ3AZYYJTEHK6,5120.0
SHIEA6YUZCDGZUCG,3508.5
SHIE9J6PYBXBYHRZ,2042.5
FABEADKA9VBM9DTM,4216.5
BRAEB2S8TG98KYGJ,9688.0
CRTECN2QX4FC2UAC,2441.5
NKCEAQPGSPXZDCSA,5540.5
NKCE5TFVHZDZTAYH,3486.5
BRAECCDUHY5DYWFW,2214.0
NKCEFFFP9THXHT7P,1450.5
DREEAVB2QKSZN4HH,3781.5
SNDEGSZD4WHWUEPU,6830.5
NKCEA5FHH53NDT9H,3980.5
NKCDU4RZYTKBTQPC,2845.0
MUGEBFGFT2CSSGVM,694.5
PCSE2ZFDQHP9ENMD,8218.0
SHOE3TZMQHKWG7TT,4896.0
SOCEGHFY7ZZ9G48G,3887.0
SHOEJUQGNBAHYR3E,6294.5
PCSDY5AFFHEADFCS,7563.5
BRAEGJFXJR4GPU2C,6693.5
NKCE5UZHWVVB7FCU,3326.0
BRAEBBYRHPZNNP6Z,7612.5
PCSE98DZU6XXGY3C,6610.5
NKCE4PZ6UJQG9QQE,1294.5
PASEA46QFBTUGATC,1871.0
CRTECN2QZAQWXEKU,3066.5
CRTECN2QUHEXQ5BG,4666.0
CAGE9ENYESDHRAZG,4940.0
SLIEHUFGN6EAJZZV,9831.5
BRAE7KQVPZXEUTHY,8337.5
BRAE9RDPFQQHHNNE,7515.5
SHIE853ADDAHYSFQ,11926.0
PCSE9HAGHNGNRHZD,13417.5
WATE7VE24DXUPMAG,8844.5
PBXE4WZJC3ZN8NFC,10556.0
CAGE6GQCC6YG7FTD,6778.5
PCSE6SJGNDGTHPGR,7747.5
TSHEGCZTUAZAYE7G,2833.0
PCSE9YCZXDYVMBYZ,3741.0
DREEDR97RXXXSZXX,2156.0
BRAE8UZGGRVBCEHM,8436.0
PBXE5YG7JZP48WAF,6229.0
TOPE4NB7QJFGX4PV,5400.0
NKCE6SR49QBZZHMP,10611.5
ACCE8XZMFNFCDPXE,6652.0
NKCE45SJXTBHBFPX,4980.5
CRTECN2QVVZWDMVZ,2552.5
MUGECEVFM93JBPEW,3365.0
PCSECV3F9MXQZH3V,1655.5
NKCE2RPCH7YGSPX9,5644.0
SHOECVMMYCMGFZZP,3027.5
SHTEDFFJMHZWSYT2,4353.0
NKCEAZ6FBHSGCGAN,4059.5
NKCEGZZGGGDCERGH,7109.5
NKCDU4RZZAMFHSQY,3489.5
CAGED6YFXAHXJSDH,9819.5
WCTEHU6FYRC6WWCG,3823.5
WATDZ5HGFJCH2FGY,7874.0
IDMEHY86YP4NFZUG,3073.0
NKCEFERXYKGHFACG,4945.0
PBXEDDEFFMKZM3HG,3641.0
VLBEJKMQ9QZS8ZXH,1048.5
DREEG9JRZUZM5CBH,5177.5
NKCE6GJ5JHFKSM6T,5339.0
SHOEG5XHVBSU5BRW,4327.5
BOTEEWFAGTNGUQ5A,4846.0
ACCEGUY9XYXUMRDA,6380.5
CRTECN2QUBFBECYZ,7029.5
CRTECN2QSWDGMGZZ,3955.0
SHOECSWQCEZRR82X,504.5
WATDZ5HGGUGHEZMH,7296.5
NKCED8EGPHGKRPBH,5930.5
CWDEGNNW8YCD2VHQ,5148.0
PBXE89GKDPBANA86,5180.0
ACCEA7PVQP8H27UH,1067.5
JCKEEB5YX5Q8HYBM,2136.5
CAGE8PKGVCNS7JCH,5474.0
NDNEBA9VUFJGTDEE,3654.5
BLUEJQRHM9VA48GF,5933.0
PCSE6SJGCFMBG5PU,7031.0
SHOEJP2GGGP2GGPB,7862.5
CAGE8TQ8A7TPFYZN,1914.5
TSHECHFVV3F5FHK2,3474.5
TOPE3NVYHZNAEPHA,4465.5
BDGEGEGCZ5ZDXBX9,11223.5
PCSE3YFFCYQVRNYX,5792.5
CRTECN2QW9H2NWF2,2920.0
TOPE7ZHY4ZX6VHYU,4222.0
NKCE9GY4ZH4Q4K69,2166.5
KLSEGTBP3VQPZTHF,3517.0
BRAEGGFEQRWYDHHK,4273.5
PACECF9NDZG39YPR,4634.5
SNDEGZ8XGC4BWUZF,5525.5
CRTECN2QZVM6SHSJ,2564.5
SFFEGJZHZPYSE7YD,3615.0
NKCE9YFBJMTVANBC,5809.0
BRAE9WYJXR43VESQ,1642.0
FABE7D5ZSVVRPG75,3510.0
ETHEGNMSZPZDZC6T,2553.5
CRTECN2QWRACCVZW,4260.0
CRTECN2QT6ZMHHHH,2599.0
PBXE8W55A32CHXZD,2920.5
SUDEGGAVHGYEQJAH,2590.5
NKCEAZ6FXQFHJH2Z,2744.0
NKCDYFHQAKQ62MHT,2614.5
PTPE7H5JD4MH5T4D,3914.5
SHIEBQ8W6KQHQG6J,5725.5
TKSEEB9MNUGDS9DZ,3428.0
BRAEDAGATZZKMRNY,2024.5
CPIEJCN3ASM9ZRXE,4003.5
RTRDQGV3ZTKAZTPD,4088.0
ARPEG54NHHJDT9FZ,4649.0
ACCEBUEKVFFUX2DE,8258.0
TSHEGYDYGFHGSHGY,5615.5
VLBEGZ7SBMDMYTXZ,6021.5
TOPE8ZAF4NMCGHR3,2654.0
BRAEDQEDVYJV64GV,7833.0
CRTECN2QSXKNSX8Z,2316.0
BRAE3Y4ZP6GF4JKT,4353.5
SHOEJWNPWBWCE7HQ,1157.5
SUDEGVG6PJKDGW2Z,4797.0
WATEBS5YABDG6ART,4687.0
JEAEGE8QCDDXCXFG,4837.5
JEAEGFMHRSUHCHDY,11987.0
SHOEC8QGTYTSYHRC,5698.5
NKCECZJQS73UZGX3,2699.5
CAGE8X8X5QEP5BWM,5067.5
SHIECHC2G6B7JPTP,701.5
PTPEATF8HNUX8SGY,4013.5
NKCE8BG8ZXHRZN9G,7681.0
BRAEBG4ZBVZDWG8M,1259.0
SNDECV6YCADQHMUQ,6527.5
NKCEB98TYYUZE7BQ,4847.5
TKPEJNSQMHREJYRD,5215.0
NKCDUYA5RGAGR4PY,3541.5
CRTECN2QSQX5H4GM,4033.0
CRTECN2QVNAWZZHZ,3501.5
NKCE6SR4YVMYZMGY,9917.5
PBXEAJVRV5HNMDTR,1719.0
SFFEGF6KZ9PPM4SN,4072.5
RNGDY8PZCQHBYA8U,6699.0
PCSEAH5W7RFFGKFN,4802.5
RTRECZANMW6UAQ5A,3824.5
PCSE9R3UWEMF57RQ,9034.0
SUDEGGB4EZEJ7ZPV,4703.5
BRAEBBMQZJWQQFEE,3375.5
CRNEJB4NE9FYSGBR,2671.5
NKCDR6BHVPTCG7HA,10079.5
PTPE4JYTBXSZSZPF,3111.5
ACCEGGAF75RZUBTU,12969.0
NSTEG358AT2YQVV2,4485.0
ACCEGKXQ9ZFSWKMU,5383.0
SHOEBG6ZUGTSDGBU,4731.5
FABE92NVJWFVRWTZ,3629.5
ACCE8XZMEQ5C2MU7,5195.0
SHIE2XDXPYYGJJZN,2615.5
BRAE3RFCGHJGVJ9Y,9271.5
NKCEA5FH9ZB34DEE,5866.5
BRAECFAQXWGHUZDQ,1383.0
SNDEBG864TPNPGSE,5816.5
SHOE3MYBTPZVTGYM,4517.0
NKCECW7BGWYRZ3BP,3700.0
ACCEGGAYF5HTP4RG,221.5
BRAE8RSAJKCPQ4WP,7531.0
ACCEGXK4RRVYHJZR,3335.5
CRTECN2QWHKJ3PBU,4320.0
DREECUW7PKBTZPRA,3728.5
PCSE6SJGZWXPQY9G,2470.5
WATDZ98SPFAQVHWR,8499.5
CRTECN2QZ2HFUHH5,2890.5
CRTECN2QS7YHAKV2,1883.5
NKCDU4RZNVATGYZZ,1514.0
TOPE7W4CTFFFDQBH,3981.0
NKCE7MMGDBM6ZYT5,3422.0
FABE92NUSYEWSG56,4272.5
NKCEFFFPZC5FFNSY,4369.5
BRAEGGER5HFB7YXT,7831.5
KTAEGFPRCCS46ZMA,3149.0
SUDEHYGUBYUKVZYJ,5739.5
SHIEHZRCHVFEEVMR,5911.0
RNGE9HEA2SSEK9ZD,3860.0
BRAE74BRYKNFVGQE,1940.5
AVCEFURSJBG924HG,4055.0
DREECZJEPZNGBSFZ,3577.5
SOCEJPT5QW94BHWE,1323.5
ECOEFYFCC2BUSBN5,2967.5
BRAEA7GBQR7ZZN4K,2078.5
TOPE5N5ACWGNUWBY,14875.0
BRAE8X2ZW4ZPDQ7A,6076.0
PELEJWHBZZHFCF4H,4992.0
PBXE6YVW4CSQGJPS,2887.0
NKCE5WSJTHTHQFUG,4074.0
PACE5VYXKSZZ8GKF,2820.0
PELEGWXGPG8UEXPN,2968.0
CAGE7CZRJ39MZ33R,3068.0
CLTEGE4SGRTVHXAW,4241.0
PCSEAH5WZB8HNWEG,6332.5
MUGECEVFKB5RER6P,3467.0
NKCE3H6BGY7BF6K9,7546.0
CAGE7CZRW6MNSUH4,4555.0
RTRDMNVFYZZBXT3G,2660.5
CAGED2W2SHVURMZH,5662.0
BRAECTFYYHAUWR3A,2130.0
BRAEAR7WUVRVUAHY,1634.0
GUAEJGQCH9BNFH2J,6682.5
MATE49ATZAJFGTHF,143.5
NKCE8SESTHKCG7FW,5947.0
PBXE9T4SWW4HSFGJ,2619.0
TSHEHU5RY4T3XXQZ,5414.0
SHTEE72RZN4TVPUY,5275.5
NKCE8RB5Q2SERPVK,813.0
PBXE9YWGTTTX6KVV,3123.5
NKCDWBPZTRZJTVR2,2284.5
NKCEGHR7YXJD3QVA,1315.0
SHOE3S9BYE5XWSKS,6058.0
DRPEHS7GGAEJHWGH,4224.0
TOPE7DNYTYVKXH8X,4556.0
CRLEJ6B76SJP8ZVG,6940.0
BRAE74BREFRNXRYB,3228.0
CRTEA7HABNRWRZSV,2401.0
TOPDX9TF8EH63HHG,3747.5
ACCEJ6TESY6AFW59,9258.0
CRTECN2QZZJVMK8M,3882.5
WATE3NWHWHGSECNQ,11092.0
MUGEACY8EXQKEZ8J,3452.0
SUDEGGB5XKHZ8YRV,10371.0
CRTECN2QXUGAJF8Y,1095.5
TOPE6ZCJTWVV9GRK,8764.5
BRAEAHEHDB9H3E65,1878.5
CRTECN2QVES5SGVH,4011.5
BRAEDSGAZES3SRZ8,3952.5
TOPE954F2MKDZFTF,691.0
BRAEE6YMYDZCTFHT,2023.0
PBXEAJHVVCHEY59Y,3417.5
CAGE6FYHBF3HYBWE,4282.5
NKCE59YWGAXY6Q4B,2533.0
BRAECKHYSXQD8ZMC,7930.0
SNDEHZMFFAHHZSHZ,6008.0
TOPE9RCYS54YZNFG,4227.0
NKCEC8AZHBUEHH6Y,3538.5
NKCDYQ3REN9WJEAF,2240.0
MUGEAGGKXFT23YYH,3681.0
NKCE8HVPRWTY5JET,2305.5
PAEE8EZHYZESVZ2H,5927.5
SHIE8G24RUNDF63N,5320.0
SHIEBCQZHBFMSFMK,2995.5
TOPEBCJF2D8JB3RG,3502.0
NKCED2ZG8GMNMMSF,2999.0
CAGE75DFBFFJZZ2P,3160.0
KRTECQSZAZSPPJWZ,13242.5
NKCE3Y5PHMWUUWQ3,4749.5
WATDXFGTREYMG4ZW,1893.0
GRKEG4UWCS4SNUSG,2204.5
MUGEACY8MDQCWAGH,1805.0
WATDZ5HGZZCZXDNC,9353.0
NKCE8E6YYVEUTNGY,2567.5
JEAEGE8RGRFHFUU7,7186.0
BRAEE6YMYZ4D5YGS,5532.0
SNDE7FD6YA84VHSZ,4954.0
NKCE5HYVQV5ZKAMB,4906.5
LJGEDTGP6EVWQAJW,4730.5
SWIEHF3H7WG6VGMR,1774.5
CRTECUWZC4AEEVTQ,3743.5
ACCDXH5HDZZU8QRH,6486.5
NKCE9ABEZFFRGABC,4796.0
NKCEAVVRRGHWXTNF,3204.5
DREEYGCXYYZHDGDZ,3051.0
NKCE8RB5TUKH4USX,5781.5
NKCE96SXZGNBFP3J,8081.5
BRAE8QNFWA34HGDX,9690.0
BRAEDTNZZN4ER8JN,2155.5
BRAEAW9MTDZZZBH9,5857.5
PCSE6X3YSK6U4XMY,6093.0
SHOEBBWKYRZHMMZN,3119.5
WATDKB7JHUHHVMU9,2988.0
WATECSYFBDTEVR5V,2602.0
RNGE96Y2DCHGZ5AH,4318.5
VANED79Z5THRWD3K,3523.5
CRTECN2QWVBQNTHQ,3367.0
USGEJPPVGZNYAJE4,7844.5
CRTECN2QY8BEJVAB,3371.0
BRAEDNX2YFFFVD3A,1677.0
RNGE96Y4USHKXVCY,8124.0
TFHECYGABBG9NRZM,7072.5
WCKE2TFYRJA65QEF,3643.5
BZREBXM8BFP6HZVP,6081.5
CAGE7DSFVSZDYPFF,1550.5
SHOEGAJGGTZD6HSY,4709.5
SHOE2FQCR89ZNN8W,7597.5
TSHEGF9YZUKYJKZG,7018.5
CRTECN2QYZCRHWD5,2185.0
WCKE2TFYMTCGDBE6,3455.0
LJGEHYCBH3VEAZYN,10750.5
CAGE76HYPAMJ7WKH,3004.0
NKCECZJRGGSJS5MP,2977.0
HMBEHBANHWHNQF8B,431.0
NKCE2V6XHV3DSGPT,3018.0
AIRE9B8EKTNR8J4B,4633.0
CAGEBTJBUKGHGBSJ,5403.0
PCSE7B6U2VYJZWSQ,14004.0
CRTECN2QX3VH7RD5,1927.0
SHIEGQEQ8X5DPEWU,1674.5
NKCE38HEJPZSGBDZ,2239.0
BRAEDQEETE3Y2CZJ,1974.5
TSHEJQ22W8XPPGGH,5177.5
CRTECN2QYTQNTVFH,3623.5
SHIEGHNCZBRTKZCR,4291.5
NKCDYQ3R3YGZZYGB,6357.0
SNDEJCWXXFWQRCJU,5185.0
BRAEGG4PJFZEHY5T,1087.0
NKCE4PZ6YXXW7SPR,2954.0
BRAEBG4ZXJNSXVNM,951.5
ACCDYDY6PBZGPYDT,12522.5
NKCE3JRMBSUGXDK2,7088.5
LJGE9TGNDH2E4VRH,7862.5
SRTEGWKMWDED9GFW,961.0
WATDE9NFPB9TBVSK,5053.0
SHOEJCZFDNVTB3RF,5133.5
BRAEGJFXYTH2MG98,4121.5
TWTEHH2BQ29FYNGV,4465.0
SHOEHYA2U4D2FDGE,4431.5
NKCEB774ZFTSYG2V,2140.5
SGLEGBV8VZ4QSREY,6568.0
SHOEHZMMPFYUGBGD,5322.0
RNGEJ39US9ENJXYF,5231.5
MUGEACY8F4ZAFQNJ,402.0
PBXE6ZHNEGF3VGZW,2437.0
TLPEG6GR9HUYW3ES,5514.5
NKCECARBX85NCE3P,2883.5
MUGEAGGKNFZUGFN7,4309.5
PCSE9ZPV7HAPCFZ6,7613.0
TOPE9KJE9PVJJZZC,3673.5
CAGEBTJB5SZDNYXY,2831.0
NKCDYARBMAARKGFZ,3700.5
BRAEBHDVMHWWJ72Z,6543.0
SUDEGGBFA9UZ87PY,6161.5
ACCEABW85UJZ7BMZ,8035.0
SHOE2ZNGYDECUGNG,5107.0
NKCE9Z2J5XF5GDCP,3212.5
PTPEFS9BTD3YHNHF,4043.5
NKCDWHFQ2ZBKQHGP,2107.0
MUGEJG6SRGWSSZVS,6205.5
TOPEYHHWTQ59WEHB,5016.0
PACEC9FJHX2ZJJFM,3589.0
NKCDU4RZYJ4NC2FS,3522.0
CAGDU84G2G5AEAE5,10371.0
CRTECN2QU9XUVRDQ,3808.0
DRPE3N3WWNJHVVNN,2415.0
NKCDW898GSGZQGGY,2283.0
MUGE92Z4ZTV8UZYN,2500.5
BRAEBCY3TP8GZGQP,3902.5
NKCE8HBNYGFJDU8Q,6355.5
CLTEHE9FS4UCYDGH,3798.0
NKCE9PFFZZJ2JUTG,7433.5
SNDEGJFVJAHQCENF,10984.5
NKCE2NKZGKZ7TVUE,2124.5
SRTEHHD7AE757FTH,2800.0
RNGEDAKCZAZQTEZZ,2197.5
RTRDNGVMH2ZJZRMQ,7179.0
SHIE9FMPWV8U4RWX,2052.5
PCSEAKVBTXB6E4RF,6537.0
SCHE5Z57GMRHGXTD,3252.5
SNDEJPZMCWYT5QRW,6302.0
DREEGZ5CVEHJPDT9,5370.0
SCHE4YST2DH7X2YC,3880.5
BRAEDTPHBRK7YTYE,1596.0
LIDE4YMTRHMXGXKZ,3379.0
NKCED2ZGVXQE2UWP,3058.5
BBAEJA4VWFFEZARG,5469.0
WATE6S3AHZXW9GPK,8936.5
NKCEF9GTMZD4JZW3,3040.5
MUGEGZUMNZCKBZYS,2067.5
KRTEC89NQNYTJC9S,1723.5
MUGEAGGKWW34AFH6,2290.0
NKCE7HN9XD8UDKHF,4233.0
CAGE8X8XZCGGXQ7Z,3962.0
BRAEDSKC33TQAGG2,2404.5
PBXEBYHC4S5BQYDA,3797.5
WATDYQ938HFU8M8J,7760.0
SHOEFVT6YAKB9XTE,4427.5
BNGEB467JXH6QER6,10702.5
GLSEHFJZ2N9C3WYK,5667.5
CRTECN2R5JRYASA4,3720.0
NKCE2F5HBUPEAAPZ,3551.5
SHIEAREZZWVXUBQT,5211.0
BRAECKHYJ8HGVGHG,1398.5
VLBEGZ7SQGDFUXE7,5238.5
ETHEJG2KXFSM6SYG,8155.5
MUGEAGGKZTMNHZPF,2895.0
FABEH2JYVTGFEEFT,5197.0
SNDEA5EG9KPNG38S,4881.5
MTYEGZ5ZCWFARE5X,4907.0
TOPE8XCDBUGUZWSP,2503.5
COAEJFTZEFVYTVBG,10321.0
NKCE9YCYAJTGZFZZ,3712.0
RTRDMNVF7CQ3HAHU,3119.5
PTGEGUZNXKZ8P6Z9,4722.5
SHIE55GT4JDKEGZQ,3795.5
TOPE7H6NK6YHDAP3,5475.5
TSHDWUPNBPZZHHRD,6926.0
ACCEATGZU9QWN3XR,2821.0
TNREFBYF3NYEWX5R,13147.0
CRTECN2QYNFWAQHM,5585.0
KTAEJFR22QUF6CCX,8299.0
MUGE9HRR6HVCRPZT,5702.5
BRAEAW9KZHABYUAW,8723.5
CAGE9ABBP3NXYEMZ,14257.0
SHTEJT4DCZAKK3YW,3969.5
RTRD8FPJEQRZ6BEM,978.0
PLWE6S4BKHB5HZD2,4835.5
NKCE6XU6NKSZPBYC,8560.5
TOPE5UZG8YEV39XC,920.0
NKCEAPCVHF2FJTCN,2982.0
NKCEASN6V7MJ482Y,2779.0
SHIE3QDHDTF4BMK4,6434.5
SLTEGE83BPHD2N2R,9259.0
CAGE6FYK6VKUMRTT,4305.0
TOPEGGA4KWAXGTG7,3363.5
NKCE966EVHN4AM4H,3361.5
CRTECN2RTNAPQ9UC,2591.5
AVCEJCJSV7YSUEGN,4124.0
SHOEBGDMZFGMWGSD,3732.5
JCKDXPJGDX8MMGDF,3988.5
RTRDNHMRFZTR3ZPZ,3384.5
NKCEFFFPSG28KBZR,4898.0
BRAE8RSARRKPHWUY,7255.5
NKCEBFWTZCR2Z9CK,8487.0
SNDEHZKGKGHDFG57,3195.0
GOGEHYHYGRZFMC9D,1687.0
SOCEGHM6YYCTBXHS,1121.5
SNDEGQ7NBVGASKHA,4753.0
MUGEACY8Z6RG3GPV,2867.0
NKCE38HB3Y5YH3UF,3145.5
MUGEB3GZ5HYHGBQT,2043.0
SHOE6ZQFRGNTW8JX,2509.5
CRTECN2QYZBRHJZF,4006.5
WATECDDDQ7SFDD6K,4260.0
BRFEGJANHRABGE2Y,6188.0
BRAEBBYRYZBKQRKA,9788.0
SHOECUZVNVUQ8CJF,2042.5
CRTECN2QXB8H2ZMM,2143.0
BRAEA5MZF4TEZZPH,4570.5
NKCDU4RZR83PHQG7,5069.0
WATDZ5HGJEQGGB6U,4680.5
CRTECN2QZYZK9WYV,4429.5
NKCEACWN5GXUC92H,2264.5
HKHE57EHTMJCH5FT,3871.0
SHIEFFFPRTTYYF3G,6103.0
SCIEFHFUUSZZD24P,5483.0
ACCDXFZXH75VJZE8,11937.0
BRAE6Z79CG9ZH75H,6841.5
BTCEJQYNBKZNZDKS,7596.0
PBXECDBWKHNKGEGD,2069.0
NKCE53HJHUTKNGUF,8151.0
CRTECN2QYNCSMYNX,3175.5
BLAE6DPHFYECGZ68,12504.0
NKCEC9FM6ZZGB5A8,3847.0
CRTECN2QYAPXYKZM,2528.5
TMLECXEQZXPGWW7T,8657.0
SHOE8VP932WXGCZV,3027.5
MUGEGZUH2HDYY4XF,3818.0
BRAEDW63EGE5VDXG,2248.0
MFLDUKGX3Z2J5VH9,4760.0
MUGE8TQEZKAD9WVN,2346.5
ACCEAZCVS4YGWUVH,5595.5
MBPEFHRYGGHJMRYW,6695.5
TOPEDHEA9YERKGUT,2207.5
BRAEDT7SDETZENWB,6081.5
TROEHYUVAJ6NBBAE,2274.0
TOPEHZNSWYHQYGUF,3152.0
BRAEDSGAYPJFXJJ5,2182.0
BRAE8EHTYSUXSHEM,2470.0
NKCEC8ATTJB3QMGB,9026.0
CAGE7DUYKHBTPZVZ,3569.0
TOPEBKYKJZCNRNNJ,3401.5
NKCE77RVJXKGY5HH,3391.0
CRTECN2QS6YHKQ3G,3614.0
NKCE9AZM3GVSMZPT,4766.0
DREE9CPNYFZP9HRA,2832.0
NKCE7Y2Y4BFFU9A4,3531.0
SNDEDG6H5CYWWBBP,10286.0
CRTECN2QZJSZBWGH,3723.5
PTPE7V9ZRFFHG22K,3766.5
TSHEJCQ2VWZAKZJ4,2740.5
BRADM8DWKXXJDEHW,2279.5
CAGE22EFFAPMZEPE,7340.0
RNGE87FCCDJQYSQ9,8465.5
CRTECN2QZZSR4ZVH,4591.5
SFFEHUAUGA5GBTYZ,5809.5
TSHE4KACQVSBXCFC,6487.5
NKCE8NHGSHWS56FH,3158.0
ACCEGKFHWYVFNCX5,1758.5
TUNEA8UGGGDERAHT,17734.0
NKCEA5FHAKKSQCK7,3991.5
ACCDSY8ESXF9AUHY,11850.0
PBXE9YWGDQYKWXRS,9312.0
SHIEHYHHNPVZEXVZ,3736.5
NKCDX3BH8FVUZAYQ,6831.0
PCSECV3FSKC4P3P8,650.0
NKCE6UWHJPBKGHZ5,3468.5
SFFEHVAVYGCD3HSD,6341.5
KRTEJ9GHTVHHGQHM,2865.5
USGEJPQKBNS5KDTE,4122.5
NKCE5U69CGGXVG4C,3898.0
LJGEATZSV5VGNDXW,2723.0
BRAE8JUGGJMMETKY,1165.5
WATEHYU2ZR3UTGRK,5738.0
SUDEHYGUWDBVFRMH,4741.0
SNDE5E6BCHZCC7JQ,165.5
RNGDVJYNGRUMZJFT,3703.5
BRFECHUFKHVYUREJ,3804.0
MUGEBFGFEN9A5EGR,3677.5
SOCEGKQYHGGXAPGD,3146.5
NKCE9Z2JTCBDBXJV,2801.0
PANEJQ5AMGFJKRAF,9114.5
CRTECN2QUHKRMZSA,3589.0
TOPECBAAP9HW5VMH,9125.5
BRAE8RSAVVGKRBK9,3154.5
NKCEAX7H3Y9JBGYZ,1692.0
HRCEHF2C2XQKQZHM,3736.0
BRAE3TSHZ6VEKQUG,7282.0
STIEJPM3D8HYQRTN,3006.5
LBXEHFA5TTMBMFR8,5385.5
SHIEHGXH8GPWGWFE,5687.0
NKCEAUABWU3Z8HZ6,8340.5
SNDEGFJ2GD5GWVSH,4841.5
NKCEDCT9KKXBQTND,1366.0
PLLEHQTXADABGDSZ,6829.0
SNDE6SCTV6BCGRNV,8412.0
NKCEB7CE7G7JHQPA,3345.5
PCSE6SJGPYFYGKUQ,6683.0
LCHEGYYBWP4ECBZJ,9201.5
TLPECJY7WKHYDZT5,4329.0
TOPECJFAHFF9PB94,4106.0
SHTEDCZWARQ2HZXX,6102.0
SHIE86XAM3TUG7HA,5230.0
PELEG5D24ZAYAHUJ,4723.5
WATDYFQ559FZWRSQ,7689.0
NKCECZPZ8WCCFGRV,2804.0
CAGE9YTNZV5B3WWZ,3516.0
NKCEAGXHYGDBWMWZ,2805.0
CRTEHSS9JCJEZWCA,5502.5
CBKEJ3AZMZGTQ9F5,5829.0
PCSE55G4YBUXMBJK,7940.5
RNGEBKGHZFCSNZWZ,1128.5
CNDEGVK2ZMCGSCEQ,8972.0
ACBEHDUATE73ZUFF,2302.0
NKCE5U69RBZRVJCQ,2828.0
RNGEDAKAZRSRYN2X,6829.0
PACE5Y8Y44TKZ7RM,3543.0
MUGEACY8VKKQ6GJ4,1941.5
TOPE6QGAWN9YDQWZ,6273.5
BRAEBBYRWHYKY7CM,6705.5
BRAECA2JWQJZFHUU,2938.0
SNDEFGEAF4GRHHX8,3748.0
WATE9ZYZTKUEFFVG,7831.5
SHIE7QCY6ZQSUF6E,5225.0
WATED9T48YVSTAA5,2790.5
SHIEB85ZA9EMJ4BZ,6204.0
SHIEARR3DXE2SXRF,3311.5
TOPEGHZ6VKKVGYNR,5837.0
WATDXFGTFHHKPBNV,959.5
SRTEGWKKZNUYX7HW,8324.5
SCREEMC7DYNN5YHF,4333.5
WTBEJ9RTQQMB9VYE,2994.5
NKCEAMDRQZKUXEYW,4748.5
BWLEHTBPHRBSDEYF,9130.0
CAGE5HVNTSEFWCW7,9695.5
SHIE55GT7F6HYXDT,3389.0
RTRD4D3EGBAYBG2C,4855.0
SHIE7MGDC6ECGFJ8,3269.5
BRAEB2S8RRCWFJST,7031.5
SNDEHZPDGAZBWJTM,5010.0
BRAE7SQFUBCGUCWT,370.5
DREEGXZ2QN5ZKDGH,5422.0
CRTECN2QUHW9VFFT,2348.0
NKCE8VQHVG89RUY5,5722.0
BALEGFWE2Z7GTDMS,3243.5
TKPEJNDEFYSRZSXF,5253.5
SHOEHYEAJCGEP5UQ,2091.0
LTBEJGVNHVHPUZ9G,9298.5
CAGE4GF7UWGZHN7J,2417.5
NKCE4TV4VCFGY5UH,3475.5
TWCEGJZKVYZHNE6Z,3532.0
BRAEAZEFXHCKE3RG,6707.0
FABE92NVWSKPDK8W,3441.0
BRAE8UZGKMFVSG2B,6516.5
NKCDZFJMRP2XBBTK,3789.0
RTRDZ5PJTSHHXGME,6899.5
NKCE7AGZESRQGFHG,2124.5
CAGEBTJBTNGGDZQZ,4772.0
MUGE6SYU8QAKS7UH,3476.5
MUGEAGGKYUB8SYA5,3784.5
WATDJTR979TAXJJZ,14437.5
CRTECYY4ZHUZ6HNT,4491.5
SUDEHYGUXGNXBNZM,6068.0
CAGE3FX7XZGYHGRJ,3086.5
NKCDWBPZ9PWWVGN2,1888.5
NKCDXYFHNXGS6MSE,2501.5
BRAE3TSHVMCW7NDZ,7779.0
MUGE6S9YZ25CHZRN,2424.0
PCSEBDFUMFZZQDJW,12188.5
SGEEG7CR5YSTGTFT,4443.5
CRTECN2QVKZ4P6VP,3494.5
BRAEDSGBTTMMSZZM,2969.5
SHIE6ZSBGF3GZZFF,2137.0
PTPE62XBPSEHCQCR,8337.0
WATEYUZXN2DHGZ36,8249.5
SHOECK2FYYWUT4KM,4833.0
ACCEDTNRJXYZHZZW,5956.5
NKCE9336FXG94XTG,1616.0
JUMEJCDRCWWKBQSX,10180.0
WATDZ2ZQTPKQZEHG,7174.0
TKPEGRKHT4832GFE,3312.5
RTRDQZMJBWHZCXZT,12973.0
CAGE6HYJGDZQXHQD,10576.5
SHIE8VY9ZYWPUBWV,2326.0
NKCEABYZYMNATYGH,4909.0
RNGE4Z3DDZ3YAKSG,6039.5
SHOEFZXRNYJKPPYG,4485.5
RNGEAHG8GKFRK38B,4808.5
NKCEA4CAMNKWVXTG,5256.5
CRTECN2QT4YABNGQ,2707.5
SNDECYKYTBUYUEPU,8308.5
BBAEGGDCFERYAQHU,2931.5
PCSEDE6ZNWQCXWDY,7810.0
SNDEJH4DBHFK4N7B,4168.0
SHIEAW8RHVJNER3B,3199.0
SHOE9UDJKNVSDH72,4323.0
NKCECZJQSWTUUGXK,3688.5
BDSEJJCKFGYZR4GS,1938.0
ACCE8XZMKHTPSVFW,6346.0
NKCECCMFZVWGAZXP,3471.0
BRAEDUXKWHZFVQN7,1480.0
BRAE8RSADX6YHAQT,6601.5
CRTECN2QTVAGYNZ6,1822.5
SNDEFKFNCHPREWPN,5683.5
BRAE3TSHVWYHGGWH,7859.0
BRAE8WYHNGG7ZXPM,1790.5
TOPEHZNSDHHZDB4G,3661.5
CAGE773YKTNBTMMH,8199.0
BRAE2NF6S8WKV2FE,944.0
WATDZ2ZQPXHZYQZJ,5666.5
PCSEE4H5GPSUFGGX,2192.0
CRTECN2QYG6SNGZE,2530.5
PCSEAH5WAEHFFNDZ,9358.5
TOPEDFTZPFYP7UZU,4142.0
NKCE7VKYZ8PEGCG8,4720.5
BRAEE6YMBUAGK2FH,4268.0
SHIECKYBQQNHZFZD,2604.0
PYJEGN9Q9NWSUYGB,8604.0
PBXE5ZJZY2NC256B,2617.5
PCSEAH5WEFMRTDEX,8721.5
TSHEG57TG27P9EZM,3116.0
BRAEGJFXUHYZPDWZ,8391.0
SKTEC88WSNYJKWY7,4035.5
PTPE6GZRTJJCSURV,2703.0
PACEARXTEE2R8CNT,2466.0
LJGEYGHD2YPQHQGZ,4087.5
SRTEH2FGBDJGX8FW,1322.0
NKCEGGFGCKCZS72F,5814.5
NKCE9AZMTYBWTAV3,4127.0
BRAE5PKZGX8HNT8Z,5173.0
CAGEBTGH3CHD9T4T,4540.5
HRCEHF2CCUFD778C,4862.5
DREEGSMKFEHFFYNV,5759.5
DREEADCWZ6XFZCGJ,5426.5
PCSEC86WZXZPEEZB,7923.0
SSSEHFZ34KRWYGSH,2492.5
CLDE26U5N2TSHREG,4873.0
CAGDTSJUFVMVP3XG,6823.0
BRAEBB6TWYYGKYQC,1861.0
PCSE76X4K44HZ5YY,6063.0
BRAE8TFHXNFSGZHZ,7818.5
SGLEGBV4XF6GBWZS,2535.0
CAGEBXZ4UGZU65ZV,5851.0
NKCDX3BHQDPKVJ9A,3271.5
CRTECN2QUPXANVU9,2888.5
FFLEGEXHXGFXZAXY,6654.0
NKCE7HN9F746GK2E,14410.5
ACCEAZCVU9RPHNFG,6353.5
KTAEHE9KFWXNYHFD,2608.0
CRTECN2QY2WRVENS,5873.0
NKCEFP3J2FKVYFRG,2270.0
JCKE2HWFZD5HZRE5,5972.0
BRAE2Z9VJ8B8FAD2,1780.5
FABE92PZSEPSGZFK,2401.0
WATEYAP3B7Z2BSYV,7407.5
ACCDXFAJ8NGKEQ5A,1190.0
CLDE9Y64GKDGAAUG,1601.0
NKCDU4RZRKCZWYQH,679.0
PSIEF4ATFU6QYETN,5061.5
CLTEJ5ZZUZKHHYDK,7391.5
JEAEGBX2FBDMZK2N,2068.5
CRTECN2QTXCGYGNC,4383.5
ACCE6FZPTNC3UGSG,2525.0
PCSEE4H5KH5KUBA4,11411.0
CTTEH9FYJFQMB8M9,5988.5
BRAEBXRBXYDKYPKB,2911.5
WATDQKYFVYKGPAKA,7150.5
CRTECN2QSTZHJTKF,1373.0
CLTEJ5ZZMTBYXWZQ,6046.0
DREECRS5RGQZTYNE,4443.5
DIAEJ8FGHZ3K86JU,585.5
WATEHZN5BG4SUKBY,4643.5
NKCECS3FSXUA56AU,11163.0
SHIEBZ7UE4BXMK98,1504.5
SMCEJV6XGQDBMGGQ,5704.5
SHOE39Q6PDKHYY2F,3172.5
BRAE3TSHYTS4FCU4,8396.5
ACCE7ZK9GP3YCHBP,1473.0
WATDWGAHG7AHMW6Y,2847.5
SHIEASFWXZ6H28UY,5239.0
BRAEDSGBPHRAHEMU,7549.5
BRAE4ZWYGGWFKUM3,3615.0
BAREGGF8NBTFWU4G,2517.5
PTLEH3D3VTGUCQBK,2457.5
BALEEZ2A4SWPXJU4,2124.0
CRTECN2QW62MTXAJ,2324.5
TOPEDTKMHEGYN2GA,4400.5
WATEHZP5RHMMCBPZ,5576.0
KRTECZHGC97Y3DGK,7751.5
ACCE6DZCJZ3M2DAT,5477.5
NKCEBUPHUZM4BRWF,3476.5
ACCDSY8EYXYYYYVK,11603.5
SHOE4HKYRFPHCJWX,3297.5
DIAEEUAM8QXHB7BD,4914.0
PELEGNSQYKKHT2ZH,5371.0
NKCECYNZ8HHZHY3N,3783.0
BKPEGUJHJFYS4FCU,5906.5
CRTECN2R6SGHFHGJ,5937.0
DREECRS4FHNBDJHY,5431.0
SHIE7BZ9XWCHEYPG,5338.5
PBXED9Q2MZEQWXCP,10582.5
CAGE5RNE4JVBXZBX,1575.0
WATDZDGRQBXTKHPW,4908.5
NKCE3Y5PSKAJSBPY,6562.5
BRAEE6KRWZZGZKHX,3877.0
NKCDYQ3RC997MHB9,6575.5
BRAEDXUVZPX2RVVP,2038.5
NKCE8JMCMGCHCYDG,586.0
SKTDDA4YREGBZDP3,6442.5
CAGE9A68NZMEVPPE,10012.0
BRAE6NZAQBHWZNMT,1458.0
BRAEAW9HUCVYHBHE,2701.0
NKCEYM3BHZHMYT7Q,4162.0
MUGEACY8ZBCGS2ZF,3552.0
PBXECUFGDMEZWMYB,519.0
ACCDX8ZUEWUKFHHQ,9122.0
RNGE7GVYZGVHDS2V,10243.5
RNGDTBQUJUCRDTCK,4299.5
PCSDY5AHHQSXZARH,5317.0
PBXEAZ85KCZED6ST,2608.5
NKCE8HSQEKWFAUYS,1984.0
SFFEGEZCEJRG9HVF,3896.5
JEAEGWYDZYDRGXQF,3495.0
BRAE8TFH9J4PHP2Q,4354.0
BRAEB5BUYYSV9TEQ,1616.5
AIREBB9APEFZYSFB,7978.5
SUIEHFNUU3BDCGZN,4330.0
WATE9M3RRRKZK4FD,3779.5
BRAEGJFXBGRJKXPN,7124.0
SNDEDF6WMSQJEGFN,7249.5
TSHEGG9KQHGQEZXS,5210.0
TIEEHZDEDRUH6NMB,2957.5
BRAE9C3MZZ7SKKSH,7538.5
CRTECN2QYAWB9FPE,3445.0
NKCE8T78YZYEQYDD,3024.0
RTRD7XKFDBPBR6CV,4026.0
BBCDPFZM6V585ZZE,1836.5
PCSE5VQ3FBAPKERB,6601.5
BRAEBADVVRBUXZGN,5408.5
NKCECB9KEYRV2SU2,3339.5
SHIE9GH8DZF3APB9,4398.0
BRAEBXRB322WRYZF,9578.0
RNGEDAKEZXMAXYKB,8936.5
MUGEAGGKDCJHRYBY,598.0
NLPEJUMTYT8BP983,3635.5
BRAEARZHZF7HFYM6,1821.0
ACCE3YFFQY82H72D,7742.5
NKCE5TFVTYJC6VMW,6876.0
RNGE96Y3FNJ4TVSA,9204.5
CRTECN2QTGFWHYBY,3165.0
SNDE3SNFMHARS463,7442.5
PCSEC86VYYXG23ZB,9979.0
TKPEG6PZEBEYFB2M,12388.0
PCSEC86V2P4M3TXC,8511.0
PSRD7NKJGFMGAZQG,5049.0
SGLEJJA6TVC2KYUH,4108.5
BRAE8WYHNJ2B2ZEJ,3810.5
PBXE6P4FHJJCQZXZ,5569.0
BRAE3TSHZGWGT6WP,6333.0
WATEHZP3ZA9YT99G,3864.5
BRAEE4H4XNG34W5Q,3645.5
CRTECN2QZSZMM3YJ,1571.0
ACCDXFPFH66QGGR2,17541.5
TOPE89Q4SYQXFGXF,3196.5
NKCEBMDCUWFNR7ZC,10938.5
NKCE9AZM5ZMSFXSX,3709.0
ETHEGYSVEZSH5HUG,3892.0
CAGEBTJBAQKZUVQD,8165.5
RNGE7M92H9QHRKEX,9729.5
CAGEAFDBEJY56XSE,3549.0
HKHE5QUYGQAWURCP,3924.0
PCSE4V8HN6NGMFBH,8803.0
WATE8E8PMU6ZRZGZ,2819.0
SNDE2RXYKZZAMNGT,4692.5
ACCDXFA6DYGMS3FZ,5615.0
ACCE6DZCAGSQEW3B,7661.0
BRAEDQEDVTAKHTX7,1036.0
TOPEBYXVCYTBF6MX,5788.5
PEAEETEJMJZ75EVG,1981.0
CAGEBXX7YEQZQQ2J,6328.0
BRADM8DWS52HEGJV,5610.5
SFFEGJZQHKNFMPG6,1993.0
TOPE45NZFFUDHKZR,5256.0
PCSDY5AFQE42NNTK,1925.0
NKCEANMPRRRUSPZE,2596.5
SNDEFV8ZSKGTFAAC,4283.0
NKCE88AHMVQHFZHU,5581.5
CAGE6FYKGSNJWBG8,1002.5
BRAE9WYKVTCZYNUB,609.0
CAGE7CZR6ZD9RT3K,9095.0
CAGE22EEX2HKGXFQ,3980.0
JCKEG4AKNM3HP3MG,4892.5
CRTEA7HANRC9HYK3,9141.0
MPLEJEG8SDGZ4GGP,7545.0
ACCDX8ZTH89YR2ZF,12202.5
CMTEJQYQEU2GBD2V,4231.5
TOPEYY5YQGGRWGGZ,4777.0
TOPEG3ZFYPPG9HZM,5019.5
NKCEYTXEPHXSXDKM,3734.0
ACCE6TJTBHE6YHDJ,2378.0
SUDEHYGUSSZGDBRQ,9430.0
PCSEAH5W6GBGTD9Z,6747.0
ACBECFGT74DBRJRT,2180.0
PBXE8WPTPZSCW8UP,3056.5
NKCEC86VG3DP9ZGQ,1819.5
NKCDYRHGGJUVZ7WC,7092.0
TOPECUYTF7XTXND3,2227.5
ACCEGF6WWRAUMRPT,4264.0
MUGEBFGF4ZDPGTZZ,3993.0
MUGEB7J7GPWUH6Q5,599.5
NKCE7MBRTAZB2DB5,8785.0
BRAE8VUUYMWAYSCK,7501.5
BRAE5F3KHPGUMPCW,6652.5
NKCE69P8JR2ENBAG,2236.0
MUGEBJ7XHN9UYUH9,3884.0
SNDEGGQ2QZ2HMFYB,6135.0
BRAE7YF6E3PH9JGW,5057.0
NKCDYPDSFAFRAQ9T,6705.5
NKCEBZNZXXAKBVMW,2901.0
SGLEJFM3XXXGKXDA,6000.5
SHOEJGFU7RXZXFEM,3169.0
BRAE9G83CUBM56TA,5722.5
PBXE9GF9XZTGMCRG,2360.0
SHIEFFFPVBQK6GBH,8691.0
CRTECN2QZ3XEUPTT,3616.0
MUGEACY8NCCXXWJZ,1376.0
BATEGR3ZHKPGMHXD,5621.0
NKCEA4CAU4WH8RKF,3196.5
ECOEH4BXGVMBYEMG,1850.5
SHIEBFXDQYHQAUQF,5766.5
BRAEFR6J5FJ4FUZY,5142.5
NKCEAPCVJKG8J283,3644.0
NKCE4VA4M2ZKZGUY,7601.5
TSHEGZKMZYGHZPRV,5624.5
TOPEBWGFN8MFKKKE,3383.0
PCSEAH5WHJCJWVQE,5419.0
BRAE6AV3FZNGNTXH,1984.0
TUNEB7FU74F3UGVH,16687.0
RNGE7M92BFXHH5VT,9714.5
CRTECN2QYSAMMGRW,1142.5
PCSE4TF4DYGDKZCT,7610.0
BRAEE6YMRVXF3HNV,7592.0
BRAEBCY3WXYZEGBU,5088.0
JWSE6GH6HKQFXTTD,6178.0
HSAEH6FCCGM7HKUQ,4358.5
BRAEBBYRCKVHHG7Q,4849.5
SHOEAPT3RUN6RAJ2,2971.0
CAGE9ABAGXS3WZDB,5088.0
RNGE65FGMRNRDSNH,7573.0
CAGE22EETSQPZKZA,8473.5
PCSEDPHM4G7WAYBA,9634.5
RTRE2TYNWTGTPE8D,2476.5
PTSE4ZHEZTF7UYNK,11147.5
SCHE7YGX8SSZCHA2,4270.0
WATE6S3AZNHMPTJA,8127.5
SHIEY6KFSWWZVUVT,4093.5
CRTEA7HAC5HFBYGY,2506.5
SHOECK2F25ZZS6GG,5050.5
SHIEHZSPHYJF494X,5586.0
BRAE77MQQGG9VQVK,1732.5
BRAEBHDVYFH5AWYH,6854.0
CAGE5GE5YRY2YNDV,2101.0
BEOEGXRWE4NDBJNV,6119.5
RTRDNGVMCGNCTWUU,5371.0
GOGEHZ5P5XDZ2UZF,4335.0
SHIE7MGDAS5B4JEY,3589.0
CTTEH9FUH3GKT3TF,2776.0
TMLECXEQ9PJUZGTY,9240.5
PELEGNVBZXXXKDNZ,1030.0
SHOEFSE2WAFKZFHX,4870.0
TSHEHU5RBAFXVFHK,5176.5
FSEEHAGGGFHQJKWB,10420.0
SWSEDXEYKZKKEMSC,7837.5
NKCE2MBFEMAJTEBD,1838.0
WATE8GDGPNKRTURP,566.5
WATEB2FZUMQU4W7R,788.5
BRAE4YXVJ86CZF6F,1494.5
KECEGTXHVYW47ZZD,3546.5
PCSEAKVBYGBZXKNS,8034.0
NKCE5QSZPBG9THXZ,3388.0
NKCE6SR4GUG326DS,9430.0
CAGE9ABAFWTJFGVY,3803.5
SHIE4T77GMCNHFBC,13121.5
PBXEACG2FBGPQKWG,3105.5
BRAEDSKC3YRYJZCR,3851.0
PBXEAGTNVHGQT75S,12208.5
TOPEBTGCPSWPYGRM,7919.5
ACCDQDYBQZPEEXTY,18556.5
WATEBSZUTGAQBCFN,679.5
CAGE9ZGYNRZCKNEF,6250.0
SWTEFZCKAC4MABVZ,5516.0
RNGE87FCF5VXWTKH,4856.5
LJGEG57EHMYZQDZU,5733.5
SHOE6VH5FY6TXG62,1972.0
CBREGH79HVGFZQYW,6300.5
ACCDWGG3HSCGUN9V,4323.5
PTGEGUPYWSZFTDCB,4781.0
SHIEERWHHPMWHPWB,5989.5
SOCEGGZ8MHX79YGA,1328.0
NKCECQYZXR4K76BH,10898.5
WCKE2TFYGMCEPV5G,3398.5
JEAEG7CFYNZDJEVD,6821.0
TOPECY77GYMZDRGX,3509.5
RNGE5GSJTGW5V9CQ,14202.5
NKCE49ATDNH39ZYR,10713.5
WATDSV3UMUNAXURA,9971.0
BRAEDFYYZUQJBTEH,4409.0
JEAEGF6NVGBFHSHH,4518.0
NKCDSCF3GCSWCNMP,12880.0
ACBEHDUBQHXTPAVK,3103.5
NKCDSCF369WABYU2,12499.5
BRAEB2ZTUJJFFQTE,4954.5
BRAEDQFRTQFYPJ2Y,3388.5
TOPE8Y6THTGRDF9D,3235.5
TOPECAE3JJMVYJFF,4874.0
NKCE5DGMUGHTVMW5,2259.0
BBAE9ZSFDZ5JEFGA,5979.0
NKCEYYX9FZWBEGQF,3416.5
TSHEGHHU6C28JJUH,6648.0
MNGEJHG7AVRHC8VF,6850.0
CRTECN2QYV9WPJUC,4810.5
AIRE98PZQXREURYP,4766.5
BRAECFARH6PZ4J4W,2841.5
SRTEHXSHU8DXFRYM,4386.0
RNGE7GVYGYRGX5VT,6323.0
TSHEEDY3HY3Y2HAM,2141.0
ACCE5HSSFHVYZFGH,3425.5
KRTEBKQJFWMZHRRF,10409.0
NKCEC8AC6XFX5NGF,1811.0
RTRDGGQ754BDWH7U,1987.0
BLAEEH2ZH8PNRD6M,7248.5
NKCEAGXHHF2ZFZEZ,4994.0
PBXEBKWJEADHCZVN,3206.5
ACCEGZ66PXG5AHHJ,4952.5
RNGEH4G46M4DTFSM,3364.0
KLSEGUGFRDBSSEDM,6677.0
NKCE7KY4YRMECRVN,3202.0
NKCE6ADEKEGUHPCP,3648.0
BRAEDSGQ92HDFACZ,6059.0
WATEHZZXEGZEZZBQ,3477.5
NKCE7MMG4PWWHFM7,2533.0
NKCE9Q93GVK3B8MZ,5046.0
SFFEGZBWFGFTGYY9,6149.5
ACCEHR4HMGHFRQAC,2672.5
NKCE2RPCBRZFJZZM,3999.0
CRTECUWZXMV2YZ9G,2310.5
RNGE9GWQJSAAFF48,10073.5
WATDXFGTP3FEMGEH,11711.5
TOPE5WX3KMNXGUGM,5402.5
CRTECN2QZFVWZMTY,1443.5
WATE26J7Z9MEZZKH,15498.0
NKCE5EF4H8C5MCGD,1777.5
TWTEHH2BCWXHVTHF,3469.5
MATEHF3PGYP4ZDPB,8745.0
PCSEAKVBHWNWCHGU,6120.0
NKCDRDWASY2HY4V8,9009.5
PCSEAH5WDKWZZ2AU,5783.0
SKIEG6VFMGKXVBDQ,6505.0
TMKEGWTM9RBGGFM4,4406.0
TOPEHFGNNEE2ZGBU,13554.5
WATDYFQ5UHW3SK4N,8849.0
NKCDU4RZDXGZHGGA,3748.0
RTRDVFAPZMNA8CHC,4801.5
MUGEBFGY3HVWBKY4,5374.5
ACCEGYPF35GBXNGB,2538.5
CAGED6GK44DCXKZM,4615.5
NKCE88AHRCD7KNQT,6278.0
BRAE6ZCHAQFRYMQY,1169.0
CRTECN2QUZSRCEN4,3401.5
PTPE7JZCBGGKPSGS,3541.5
WATEHXGUJCYK88TF,6514.0
SHOEDP7ZGYFKGWNH,680.5
DRPEHYHMFE6G3XZG,3956.5
WATE2FAHSMPK4TPR,4593.5
NKCE9ZGXYYRZTXZS,9673.5
NKCEANMPGYRNMZJP,3479.5
BRAE2NF6XGU42KGQ,4679.5
SHOEFPMKKVP2SVZD,4964.0
WATEHYHPZSDEGFBT,4043.5
ACCEAZCVBHKKDVMZ,5949.5
SHIE4THTCWNHTZXM,5025.0
BRAEBXRBCCJAF72G,6838.0
WATEHZZSSCU4YXYG,3459.0
VLBEHHW6ZWDUZNAJ,5220.5
KTAEHE9KFCMVVSBN,3945.5
SNDE9HRW9ZVPG9A6,8172.5
PCSE4A2ZBHGAVCDF,7822.5
SHOE4UC3MJZF3VFJ,4252.0
JWSE9CZDPATTCRX7,7399.5
TOPE8YMASZEUXPRY,4922.5
ACCE8WYMVWNXBBAH,3830.5
JWSEBCY4HHXYGZJG,6054.0
NKCEDFNHMTWNTVHA,2009.5
TOPEHZNZ9YZYYAPU,3359.5
RNGEDAK2HFRD72HE,5351.5
SLIEGXZYZTTSZD9C,4033.5
NKCEDCT9X6VHCF37,2748.5
PTPEAT32YEZ7G4BB,4062.0
CAGDU85YYWZHHNGT,3505.0
BRAEGJFX7PSVECHP,4491.0
BRAEBG4DCHJMRYZZ,7022.0
RNGE864HQQUYJQHB,4974.0
PCSEC86VHTYFJHUW,6940.5
SHOEBYZGZ682N4K2,2568.0
BRAEDX66GWPY6KJ9,5745.0
TOPDXQWEF87REHYJ,5332.0
NKCECZG4URZY9DZ5,3399.0
TKPEH9F5BQTQAMSC,5496.0
WATDZ5HGF5UXGZVG,9624.5
BRAEBBYRYTEEDDA9,10598.5
NKCEAFM7PNFKNZSH,3821.5
TOPE3NVYKBXFRYSG,4532.5
NKCECGVAMX6ZGEVH,2226.0
DREEBAQ9YMYF2Y3N,4666.0
MUGEACY8EVX5VAMD,4112.5
CRTECN2QSZFWPZFY,3393.0
WATEYAP3GD6VYR5U,7926.0
RNCEGE7HZZRPMSRF,4191.5
ACCDQDYBNKEVMMCU,6217.5
PCSDY5AFFB4EXAX6,11712.5
NKCE9G2BHRUF9TWB,4484.5
BRAE8TFHZJ6A2FFZ,2118.0
CSOE7JP6ZHUG9HZR,3109.5
JEAEHYZMPCBH3HCZ,3677.5
FABEAJUHKKTRCNQX,2646.0
JEAEGFMQSBYX5M4A,6964.0
NKCE9YFCMXP7QXRN,6253.0
NKCE9TBYPBNJYZRS,1788.5
ACCEDNXYRZWBPFDF,8297.0
SHOEHXFAMFH3PDHY,3736.0
PACEB2XUZJWEY8BH,4295.0
NKCE6XU6USJZXSB8,11384.0
SWSEHTRZKX3HZCMJ,3851.0
PCSEC86V2Q6P7PAB,6525.5
NKCE6GJ5GD7KR8KZ,2845.5
CRTECN2QUAQVZREG,2745.5
CPCEJCCPYGHSTWTF,5781.5
NKCEBBEYX8NWRXHA,3522.5
BRAEBBMQWK9K65UU,1777.5
CPCEH2BTGUYS5XJB,4110.5
WATE3FAXGFHMASYX,2758.0
NKCEB98T6AZZCH8H,5793.5
RNGE7M92NWJJEHDD,6175.0
RNGE8URWFPRT4QZ3,7122.5
DREEFFG5PA6AVFH9,5413.5
DREEGNWGSHTUKCZM,7648.5
LJGEJ3G6J6Y4UUH8,5791.5
NKCECZFZNVGGSVBT,4944.5
ACCEGZ6BDHTWARMS,2746.0
TOPEDFACGQGAAAST,4009.5
NKCDU4RZCR2FGCCU,3115.5
SHIEBQF6VHTX2HYZ,5711.0
PCSE9Q6VCVMWRAPN,2373.0
PBXE9A6DECDDMJHH,5699.5
SFFEG7FXSSCPUMFQ,3698.5
NKCEDCT9Y2YDXE7H,5668.0
NKCEBMDCG3PEZTHX,11614.0
CAGE53FSJHRA3SKZ,3558.5
SNDEE5FM7FEKDRKR,3595.5
CRTECN2QWM2RYWZ6,2387.5
CPCEJMKVMKTJ3WHM,5339.5
RNGEDAPTVZZTHMY4,5286.0
TWTEHH2BXEHVZD7E,4235.5
SHOEGAJFAU2N5RUR,6133.0
TROEJF3VVVJHAGBJ,6459.5
BRAECKHYM8BYAKHR,6203.5
NKCEBGJZEMQ4FK2F,2231.5
SHIE93F2DYWFVQNG,2095.0
ACCEAZCVJZFACTYS,1304.0
CAGE4BQYUXBFXZVF,6228.5
CPCEJMM7HWCNNGBR,4352.5
NKCEAVZ3KGJFW6FS,11043.5
CCVE3Q2TBZRQYZSZ,4173.5
TFHECYGAREJ2ACWS,4903.0
CRTECN2QTH5UTZFQ,1227.0
NKCECXEAF6GMGJTF,5952.0
CRTECN2RFMUGEFRZ,2392.0
NKCE8HVPHGWPPMQJ,2625.0
MDYEHDH9HMZPANGJ,10305.5
NKCEBFWTSPVWSGXF,4945.5
SKIEG49YYDQ2QDKM,12352.0
NKCECZMAXJZH6XJY,8396.0
WRSEGHG9XGHVRSJR,6983.0
NKCE9G2BYZGJGASJ,3729.0
HRCEGVM3ENRZXEPB,7748.5
NKCEBGPNHGQFQWSU,4013.0
NKCE9YFBD4MBHHWZ,6004.0
CAGE4Y4FZ7H9JZTB,2520.5
MUGEGZUNY75RZUNG,1440.5
KRTE5RNER2AGFGCV,2128.5
CDSEG6ANKKXHFEVX,5499.0
SGLEGBV6ZYCNDR8F,5769.0
CRTECN2QXZCWFWHR,3522.5
ACCEAZCVWMCUN6MZ,6612.5
KTAEHE9K8CQJMQCV,2318.0
PBXEACG29J4ZFS5Y,3057.5
PTLEHK3XF6HH8ENC,7440.0
RTRD3849TERR75YB,1565.0
BOTEEMN6NM57HSBU,2477.5
PBXEB34ZWNXHWUGV,2744.5
NKCE38HCHH7XVHZ7,4933.5
WATECGG4W76YEBUB,4368.5
KTAEGX2WM2MBUSHJ,5607.0
CRTECN2QZZACHGYQ,2251.5
RNGDVVYB6RGSAWRZ,3997.5
TSHEHU5RKERGP5SG,4764.5
MUGE8S9KB8DUER6P,4192.5
BDGEGEGDXYHYAJQN,6380.5
BRAEAZEFXGVCTJJN,7390.5
ACCDQDYBZEQG6HPZ,7972.0
CAGE6FYKT4NSENUS,4258.5
LBXEHYZYWMMQA6HT,5773.0
SHTEDWTVCEUBHNJN,7972.5
RAQDCNWAGART9UVZ,3158.0
SRTEGYXHGCTXUBD2,6586.0
NKCDYRHGDS3PFHWZ,1508.5
RNGE86J7FRTSQWCR,5505.0
CRTEA7HARUAWC7VG,2671.5
PCSE4SFFZWMNJCAG,14762.0
KRTECQSNY3GFESAZ,1032.5
CRTECN2QU6HG98UZ,2676.0
CTPEGGFSTGPEZEUZ,5183.5
BRAECKHXH8BU3HBY,6740.0
BRAEE6YMMWFFJNB9,930.5
JUMEJB3YYZM5HSPR,3661.5
SHODYGFWEWCG6S88,3845.0
SNDEDKKXMX8ZGVQR,5730.0
PTPEY6JZGMWZF8H3,5614.5
TOPEH3KTNUUZHJEZ,3358.0
VPAEHT6TNFR6FWTQ,5999.5
CAGDUNH36EAX85G8,4979.0
ACBECFGT5ZWMXAVZ,8988.5
NKCE4CSZWA3EAF7G,3256.5
BRAE5RZ6UGSFD9HE,6895.5
MUGEB7J7SPWJTRDC,1781.5
PTPEFMKUTCGZB5G5,2990.5
CAIEGP4YSZ4GNUV4,3931.0
NKCDWBPZGZW7X3MH,4759.5
SWSEH99SSMHCNFQ9,2891.5
SPWEJ8JHFG9PTDUF,5205.0
HMBE7G34Z5CGHWYV,7451.0
CAGDTN27DEWJYUHK,5417.5
SHOEYVXVYAVXACCW,2945.0
MUGEACY8CDCZTUMD,2855.5
ACCEJR2FXPFFX5H3,5773.0
NKCE5MEFYG3PUGXK,2610.5
ACCEGZ66Z3SSJEGS,5960.0
OTYEHQ3FPHGKV36X,3628.5
RNGEDAK8ZDN2J4FC,8518.0
DREE74XGZFU3T8TH,2836.0
CAGE6GQCCDSWABFT,3630.0
SNDEDGBMM8UGED7W,14885.5
NKCEDCT93M9UCFF4,4062.0
BRAEBYMGFCDFCEJX,842.0
CRTECN2QTARWPXSU,4195.0
PBXEDDEFV2FSNH4S,16029.5
VESEGZRRFGMV9JRD,4263.0
BBAEBSGBZHAAQNSZ,4326.5
NKCEAFA9TT2YCXGF,4791.5
ACCEGYP2U9GYXRBX,3873.0
NKCEYUVRC28U5CEK,6309.0
SHIE9HH3AFF2GXZD,4083.5
NKCE73V3N6ZSSGKT,973.5
ETHEJG9FWZ7NZ3GK,6668.5
CRTECN2QWA68UMF7,4492.0
DRPEHYHKJX3VJS4H,4137.0
NKCECFGDJGFGXYK3,1991.5
KTAEHETWZZ5KEAT9,635.5
CAGEBTJBTZ9HK4AU,1058.5
NKCECKHYH64EPAVZ,3263.0
NKCE9PFFUGQPHF3C,7852.0
BRAEDSGQVKFWUWVQ,8137.0
ACCE8XZMD6J8HBY3,6287.5
MUGEAGGKUQE2HYPZ,1780.0
NKCE6GKJTFMH5P4N,3238.5
NKCE9PFFZCSSMMYC,4864.0
NKCE9G2BZYKFA4UQ,2942.5
BRAE6ZCKBUYE9PTV,1732.0
DREE4DF4AD9ZZHEX,664.5
NKCEAY3RNC2QTZXR,958.5
RTRDRDPR9JHCSBGH,6793.0
PCSE4FKCZ23EPQFS,7784.0
PBXEBJ4N3HJZ7R3G,2913.5
LJGEJQ4MHZZTHGPQ,4131.0
DRPEHYHGNAF5UYUQ,4073.0
BRAECVGYZGZT5VU5,1854.5
NKCE7MMGPQTPZZ4H,2364.0
TOPEYZ3FCMTYGPVF,5361.0
CAGDU85YG8UZE7MX,1797.0
BRAE3TSHZWSBH2UD,4749.5
RTRD6FYY7B26SHXC,3343.0
WATDGFAQCFCVSJPA,8366.5
TSHEHU5RZMHH3AHV,5138.5
HMBE7G33NPATJGH5,7081.0
BRAE9RDQHWKAKP3V,7100.5
BRAECTFYJJNYCY3X,6725.5
PBXEC8ASYZ7YS7EZ,3502.0
TOPE45NZKEMCDZXX,1334.0
SHOE2FQCMD3TAYMF,3082.0
BRAECZZTSHGQZXDB,3425.0
NKCE9PFFKH97YNZH,4484.0
NKCECGT3NM7QF8WE,6582.0
CRTECYY4GWBEETBG,2216.0
NKCEC8ANGCPBJRZ8,4929.5
BRAE8JUGDZBU9VR7,7367.0
NKCEBUPHRGF95VC7,1445.5
CAGE68FFZ2ZWZVHQ,2726.0
WATE2FAH5NM8VY5A,8765.0
SHIEHXZEFKZK3FSS,4416.0
BRAE6YVWZ6KH2ZBQ,2757.5
NKCEF9GTBBTUSVTS,8773.0
BRAE3TSHYRVTD8GA,7420.0
TOPE4VR5DXAHVAG8,4083.5
NKCE5YA94NVQ6TQ2,2776.5
TWCEJFXHKFKVGPV7,6081.0
SHOEAVPFUVHJJRHT,2328.0
RAQDEHGUB5VZTC8H,3132.5
SHIEBZB4D4GDYYRS,4215.0
NKCDY44FCVDHFMHM,5909.0
AIREFFFUHNZVZQVR,5984.5
BRAECKHYRHKCKCKK,7945.5
RTRDZBJ5GRMDUZ8H,4103.5
RTREBTANEFURUPYE,6417.0
NKCE7ZNGGKGZKEYG,2298.0
NKCEAKKRNRCZZDV3,4728.5
FABE92NVEAZSZ5ZP,4151.0
NKCE9QTMY3BFZCQD,2886.5
LJGE9TGN9YHYZEEF,4143.5
WATDNJVHHKXKVRGF,10229.5
CSPEF6X75KQDJNF2,2143.0
NKCE4VA49YHSX6KW,8033.0
POSEJUA75X5VGPAJ,7197.0
PBXEA92SYTPCDYMB,2711.0
NKCE3KVS9DFHXFPH,3588.0
MUGEBFGY49MKHHRT,2719.0
HACEGPF9FDKV3EPK,5136.5
TUNE6BCYWTRKGGKA,8730.0
PCSEB3FAUUWKEPEF,8066.5
NKCDU4RZ2GGYUJGM,626.0
TOPE8N3AF8HQ4GYA,6124.0
PBXEAFRYZSFHZ2CP,6720.5
CAGE9ABAQS8WKHHY,2760.5
CRTEJUA3CYHVYNHD,5693.5
PCSE4V8GWTGYMVFY,6064.0
VASEG3YYGEKHXWN6,3584.5
JEAEGGED6PZQCGTQ,2001.5
SNDECRS4R3DV9QXU,6366.0
PBXDT4FTQGZGVCNC,2454.0
BRAE6AV3ZZQHKDCN,7533.0
CAGE8PKGBKNCYKJK,5490.0
CSOE2V29ZTH5A3QU,3695.5
BRAEAW9HSZNM5URR,6606.5
BBAEGGYMPH6QYBFF,3806.5
WATEHYVPGMHURTKG,2903.5
PCSDY5AFGFAQNCY9,8436.5
JCKEEAEZMGBEXQFK,4918.0
WATEYAP3S3TD5EMR,9823.0
SHIE8M9PWUF5H4SF,6387.0
LPBEJGFEZNV23SVG,1335.5
PTPDXN7BGMQBZUTA,2716.5
PAEE7ZWAGCXEKY8B,7610.5
CRTECN2QZHEJ6WJC,3072.5
FABE92NVZGEQ4HY8,1797.0
RNGEDAKEG2DV5Y5D,5611.5
JEAEGEFMHBQGU5NF,1914.0
NKCEAY3RKEPGNWWV,3360.5
BRAECKHYUPMRFRTZ,5542.5
PELEGTPGEMCWUGS8,3830.5
LINEAVE2XKZNANN3,2752.5
RTRDNGVMAKRQKH7Y,3055.5
NKCEFG3D8UWFGKGE,2362.5
CRTECN2QVUET9PQ8,2857.0
JWSE346HBDCSUGR6,4702.5
BRAEA2E7XHZHG2AG,1337.5
PTPE2SSXSTFH6HYY,4352.5
BLBEJR22ZT2WUKBZ,8514.5
MUGEBFGFRPNWGQTD,1150.0
PCSEDP3UF6EYPZZX,3060.5
ACCEGUY72CYWXAEW,4628.5
MUGEACY8HGXBNPB7,3642.0
NKCE5VAAU2Y7ZW2Q,4949.5
NKCED53EQTZ6R4WQ,2509.5
PCSDY5AFPWQBABVU,7972.0
WTDEDGHHGDEPSSRR,16248.5
SHOEHEP5EWSGZ7XA,3318.5
RTRECEYMHGP3JXFV,10671.0
PSUEJA2HRBPYHA6K,2246.5
TSHEDF3HADCJKGWD,3750.0
NKCECGT3BZDXZ3ZH,1566.0
SNDE85CH2PN36BUZ,8155.0
SHOEFVT74G5BYHDY,5146.5
RTRDA4U7UE3Z7UMB,3280.5
NKCED6EXGZZKTGD7,3276.5
PCSEAHJCVPRUPVHX,1980.0
NKCDZFFRZEEMHAFJ,3026.0
CRTECN2QVVTNPXXN,1196.5
NKCDSCF3HNMXRCF4,7200.0
NKCE8JXSHFBBQDKY,3214.0
SHOEF9G8CVWHRH5M,3180.0
CAGE2MACSYZCWHFG,1693.5
TSHEJT2R2XQJN8D7,6188.5
PCSE6SJGQCXQGC6G,7305.5
PLLEHQUGEB6D5FCX,4317.0
RNGE7W8T7MYQQEFR,1004.0
NKCE96SXDYMGSFBR,7417.5
BRAE3TSHYGDRV2UC,1128.0
FABEJX2NHNKCYHKA,3369.0
BEMEGFHSMHZYNZB8,7150.5
WCKE2TFF4ZYGXUMH,5540.0
BRAEDZ9GVZHWZ5BG,7509.0
RNGEH3F2FAPU3TAG,1885.5
CRTECN2QTPZCMCQD,2291.0
HACEJQ7HRGNBYCEH,3878.5
CRTECN2QZMHEU2J3,6843.0
DKOEAWE2SCYPC5AW,7447.0
ARPEE3YX9Z4QGJ86,2202.0
JCKEJNH2AZGKWGZC,4526.5
BRFEFY5BN9VHU27H,10949.5
BRAECKHZWAGBVZXH,2656.5
NKCE9HF3TENMYXZY,3141.5
PCSE4SFFJSWJZVH4,5377.0
NKCEBHGBFEVC2ABB,5884.0
MUGE7DUFEC3VUZMF,5340.0
GRKEG4UVAZTGYWRB,3587.5
TOPE4ZKTSBAEXGFR,3703.0
PBXEAP3SWFZRHZ6G,4914.5
NKCEB5BVMYFMHAQH,1252.5
NKCE3HG8FDBHK5GX,3315.0
SHIE8WYNYRHSFCRR,2686.5
NKCDSCF3QD5EGFJ2,4901.5
TKPEG27A7Z6JWK6Y,5661.0
CAGEYFZW7F56GWZP,3561.5
FCTEJXGUNGMHANE2,7952.5
SHIECYFWJWCCHHQS,1935.0
RTRD6FYYUQZJBY6F,3960.5
PACEB2XNEBZTJZZG,2015.0
SHOE2GUHSZRGGZYY,4502.5
ACCED55XRZT9N2HH,5736.0
TOPEGVHJECVFBRMF,5811.0
DRPEHYHN3MYJDGGM,3949.0
RNGDXNG3HGFQXGAH,5920.5
SHIED9AKUTQZQ5ZK,3612.5
CRTECN2QST3Z947Z,3618.0
RNGDWKZMKNTUBPSF,3389.5
DREEJY2NVHFG6GCB,2188.5
SHTE37DQJWSQ4VGH,5380.5
NKCE9ABEYD53HSVG,5081.0
JEAEHUHKMA8EGUUU,1355.0
SNDEHZPDGB2ZT8ZY,3831.5
CLTEGMUMJTPY4RMG,4964.5
BBAEGJFQZTGFHJHD,6690.5
TOPEEERRTBB77BXA,5628.5
NKCDWBPZQANZRF5M,3436.0
PCSECV3FSSB22FGE,6301.5
NKCE6WR3ZWHWKEPQ,1760.0
MUGEAGGKQM37W42E,3541.5
SGLEGBV4QFHTNHE2,4982.0
LFHDQAZP4FHGGZEM,5919.0
CLTEJQ8FTCZAEPNG,5309.0
NKCE6XU6DAWYHWQP,5961.0
TOPEBN32XAZ62CTR,3107.5
NKCEANMPATURDMHV,4618.5
PCSE6X3YCSZEG67R,19400.0
BRAE4DHZDPMTFZHC,7181.0
HAREGG26GDJWFYMF,288.0
BRAE3TSHWZREUJAC,1856.0
USGEJPQHZHYZQHBU,5898.5
WSCEJTDHY9UHKP5K,9220.5
SHKEGNS9TWHJAN6Q,4454.5
SHIE3FHYRRQGFFXN,4167.0
SCHE4YSTYDQBDYQF,3163.5
SHIEFFFPDETWTWZR,2859.0
ACCEAZCVPTGEGVMR,8124.5
SGLEGBV7VGZM7BFR,12472.0
CAGE7BZ56MVQGKAB,1720.0
NKCECG6ZH5MJT4B9,2233.5
RTRDZBJ5FZSU4AYZ,4278.0
TROEG3VYGVSB9F5H,4241.0
SHOEHXFAM2NDZBHW,3519.0
BRAEBBMQY9VZRC7G,6674.0
PYJEH93NGYCXNNFK,3669.0
SHIE6ZSBHCNYY2CP,3162.5
TSHE4DNGUCMVXYUH,8858.0
CLTEHE9FD2APDRWQ,4294.0
SHOE6ZVUSR95HF6P,7328.5
SHIEGPXGZTK5B3GT,5442.0
CAGE2XC2HFSSQNSM,2255.5
SHOE2ZNGUCA4DHHP,4262.5
CRTECN2QXHEYVVTX,2105.0
CAGDSNMD7GV2GYMH,8256.0
SHIEC8ATXGYEJ4GD,3699.5
CRTECN2QYASYFKGS,2425.5
CRTEA7HAHHCSHCEM,4917.0
WATEA2H8FTBKZGGG,20816.5
TOPE7T4YMXRK5BVG,3981.0
NKCEAKKRTHT8RNC8,3104.5
NKCE9HF37STYM5KA,4323.0
SNDEG6GXFS5RYFGK,9741.5
ACCEGZ65AEVGSGZ7,4416.0
SRTEH2FVVKRBAXHB,4097.5
NKCE5QSZ6FQSNBDF,2610.0
SWIEHF3EF5PZAZUY,3257.0
RNCEGBGW9PYRXNZY,5765.5
BRAEDSHQ6X5YYX6N,2660.5
SNDEHZHVMR3XPBST,4137.0
ACCDX8ZVV2RCNYCY,7702.0
SKIE83ADUJ28U8ET,7380.5
ACCEJ6TEHCH7MCQ3,4083.5
CBKEJ3ANRFJUM4TM,4577.0
RNGEDAKBVC9TKFHZ,6103.5
MUGEACY82GPXUBAC,2377.5
RTRE4VNCJZ3UPGQZ,2844.5
MATE49ATDVVEEEAN,5557.0
NKCEAVZ3EDVJNXMT,1450.5
PCSEBXFVZSYJKRCS,8574.5
TSHEBSF9NBDWJXZW,843.0
CRTEA7HAQQCGTPFU,3324.5
CAGE3FX7HWMQAPCG,1778.0
NKCE9PFF3WZAZZXG,1565.0
RNGE3YSW9ZUZWYQA,9497.0
PBXECWKZHWRCZZPJ,1634.0
ACCDXFA5QFCZZ4WZ,6366.0
NKCECYNZGHYQEFHY,4061.5
WATEBYZGCFGUP9HG,522.5
PELEGPF7UHM3WUE8,5702.0
MUGE9HRRWZBDVHZ6,2403.5
PELEG5CSGWYFCFNQ,3983.0
PBXEBQGMBP2VJTSQ,2061.0
PTPE4JYTPVYZ8ADY,5789.5
SHIE9J6PYVBW5ATG,2501.0
ACCE5UKY6UXGVT9P,2509.0
CRTECYY4DCRARYG9,2521.0
SNDE8VY9K2JGMJJZ,7268.0
CAGE225HGFQ4VSSK,6312.5
SHIE7PD3EF2NCGBY,4085.5
BOTEHZDGPGFHVQWJ,5271.5
NKCE7MMGJSVN3J2W,4566.5
ACBECFGTRZCFBJZJ,5819.0
WATECYMJPRYH8D3E,4784.0
DREECDCRPFKFH6EH,5008.0
CRTECN2QVZFZWKQS,3760.5
CTTEH9FTTMQQHD9V,4836.0
TSHEE4WNPAZGNG97,381.5
CRTECN2QVS6GJZHS,4197.5
SHOEHYEXVYZRGMGJ,4891.0
SHIE9FMPQBGXGTTH,3415.5
CRTECN2QXRVZAMUH,4033.0
MNKDZKF6WYMMF2M5,3316.0
RTRE63NMMRZ8MUJT,7500.5
NKCEA8US7TNGUJPE,4901.0
CPLEHB7C7QYBDMTV,4988.0
NKCEANMPCSWGRBH5,9763.5
NKCE8NDJ76XBRZ2H,11825.0
LJGE9YJHTJZCQ5VP,849.5
JUMEHGYX4SXZB5K4,5662.5
TOPE7QTUPGHXCBGZ,6211.5
JEAEGE5F2DTDJKCZ,3124.0
ACBEAWCZBU7RZGGJ,3407.0
PBXEACG2NG3RZZAF,3439.5
PCSECYY4ZSXXVKFD,8328.0
SHIEBBWHC4YGH5GY,13658.5
NKCED7FPT2YG2GGS,3354.0
BRAE9C3HQTDHK7HA,2897.5
SHIE7ZWAT8HEHBZX,5441.5
WATE8H957FY57WCH,8939.5
TOPEHZNPUWSFVHKM,3294.0
ACCE7B8NZXHA5ZV9,7264.5
CRTECN2QVBDPEQQ2,4738.5
HACEGPF9EMXPSEJU,5708.5
CAGED4CHGZGWRKEB,3535.0
SOCEGHM6JKRDJY33,8762.5
BRAE6ZCHDGWRDHCW,2054.5
MUGEAGGKFYCFTBUJ,4359.5
NKCE7MMGKZPBQQS2,3812.0
PBXEBQGMSHJDXHKW,3440.5
WADECHFGPKW3DHDX,3986.5
SHOEG7NXNBF9PPJV,10555.0
SRTEH2FVUHAAVH9X,2686.0
WATEYAP3WGHZZ3FA,1208.0
DREEAM8QTHGSDYJV,3233.0
PBXEA4F5VFXHSCY8,4833.0
SHIECYFWYYZHU6NR,1318.5
DRPEHYHJQNGXBZNU,3474.0
MNKE75M6XXECTDK6,2030.5
WATE9ZYZRREUHQN4,4237.0
WCKEGM8FGU9ZT8QG,7118.0
NKCE9PFF3GCQYWHR,4898.0
BRAE9Y5V963WTTNW,8059.0
CRTECN2QWTEBGJAJ,3992.0
PBXE4RB3HNFDXGGN,3042.5
PACDZTD7YB2EUMYE,2753.0
KRTEJNFUHUUXGPZT,5146.5
RNGE87FCDRS5ZFGG,4599.0
NKCE5H4XW2PH6KFH,8053.0
CAGE44J5NGQHXMHF,8821.0
BRAE3TSHZRMGEHDM,4046.0
NKCEANMPKCEZADTJ,3995.5
LJGEJPFEVY9GXNGG,6758.5
BRAEDSGQVSTGKAYQ,617.5
HMBEJCMHXNY6SVVY,2251.0
TOPEYQHGTHDHSJNM,3596.5
TOPED9T33BGVTQZS,5465.5
WATECDB6HPXBVXCF,4380.5
BRAECPQ5HFH5NFAK,5308.5
ACCEGKXQ8XFPHC9T,4486.5
CNDEGP52ABJZHGZY,7643.5
NKCDU4RZXFGBQBBP,3658.5
NKCDU4RZYKVHDKUB,6045.5
SUDEGGB3JXAEBFYW,1365.5
BHGEGTATDSHFENHT,4856.5
CRTECN2QWSVZAX9V,5635.5
BHGEGTAVWRZQTU6T,4886.5
MUGE5HG8FG7YJHMD,939.0
TWCEJFXHMSCXWE9J,6436.5
TOPE8ZAFZZ6YMGFY,4643.0
ACCDSY8EGJPW7RJB,5649.0
SHIE6ZSBHDEBFCGM,3565.5
PBXEDDEFTWAW3HCU,2714.0
RNGE87FCDWVPDTKV,3412.5
NKCDWBPZVFY7H9UY,2900.0
PCSEE4H5CYRKNRZR,4051.5
CCVEFX3Y9DFJVJUU,3999.5
DREEFJ44EBBUEKKY,6896.0
TSHEJUCY9HGZMKHJ,5321.0
CRTEHSSCUCMVN7SP,3143.5
ACCEGZ5PGHCDZTNY,3365.0
KRTEC89PH6PVAQDT,1296.0
ACBECFGTGENHAGDR,3984.5
CRTECN2QUSZGGH6Q,4797.0
SHIE45Q6SJGSMHTN,3507.5
VANE3KUFNUEGQNKH,6349.0
MUGEBFGFM83MRVN7,1994.0
PCSE6SJGYMZB6CHV,15188.0
BRFEGHPHWBTHAX2X,11851.5
TOPEB7BFCW7YG7KG,7078.0
MUGEAGGKJM5GUWQH,5517.5
NKCEBFWTSMKDQZMR,3750.0
WCKEGGN2J66F3KAF,5270.0
NKCE49ATTPYAPNWB,6013.0
BBAEJKEC2HXUHKQE,3847.5
BEOEH25NTUDGG5TT,6815.0
NKCEBUG2XMBRJDGV,3560.0
MUGECEVFKZHBDRWM,3600.0
CRTECN2QX6RSYSRG,601.0
SHOEH4GRSUBJGZXE,7823.5
NKCEAGXHHAAGNS2H,4413.0
ACCE3YFFWB4HHHG2,2854.0
SHIE6ZSBWSCTKVTQ,2206.0
BRAEAQMANF5GRRDB,8581.0
BDSE7WQ37UVSX7SK,3718.0
CRTECN2QUT9HQH2T,3714.0
PAEEAMGFVDHGDRG5,13182.0
NKCE5W33KFFZDSDY,3574.0
RTRDRJF8GJ5AFZTG,2486.0
WATDA5ZAXAP2VTGQ,12184.0
MUGE8NZC8ZHZPNFF,3058.0
AIREGYYZRAPHRFGD,6874.5
PBXE68H4HF9ZZWAB,10990.0
SNDDXFQHUDJDHZG2,5100.0
PCSE4VAVWZZECB84,8420.5
CRTECN2QVCCD9PHT,2656.5
NKCEAGXHSCG9YHAY,3063.5
NKCEBYWTBUEBCND5,4572.5
NKCEBVFYZHDYZGHD,4254.0
SBGEGE6TNPUX8STE,5124.5
TOPEFCVHACWGSVHY,4835.5
SHIE8QE6RMNSGPAU,3013.0
TOPE5F53Z6W4V2CP,3072.0
BLAEE6KTGFDV8NGP,7913.0
TOPE89H8PCWMHBCP,5503.0
NKCE9ZWYZAEAGVAK,4361.5
DRPEF2XSFBAP4SUZ,5153.5
NKCDYHF8ZEK8ZM58,3303.5
SHOEGRUNZPJDGG2Y,4406.5
JEAEGFMZ7SGJWBR5,5425.0
BAREGGF8JSE3HTF9,4663.5
SHIECJ45TFDT4EPB,2667.0
CRTECN2QXUBGMWSE,2926.5
ACCDVPGKY3GBDB5P,6609.0
CHGEJCWFY4HFYVZ8,1254.5
NKCE9YX2HGNZSZRV,11842.5
DREECJD8CZDDUJNU,3704.5
PCSEC86VEBNYKRB5,9531.0
NKCE93H2ZTHJGFVS,2326.0
SHIE5HBGDYSHVA5R,2367.5
DREEDVHXDYJCAEBP,11132.0
VLBEGFFEMY8ZFEMJ,3298.5
HCSEHGV96WXQCBN9,4865.0
NKCE64Z489PQN4U4,3457.5
NKCDYQ3RPPERYA9W,4551.5
NKCDYRHGP2UFXMT7,3097.5
HFCEGNQBS8P8EDHZ,5307.5
SRTEGWKHXHCF2TME,6302.5
SOCEJPT5ZR5ADJA5,8119.5
BRAECFAREVYWQSQG,6567.0
SNDEDTCXWCGDH2HA,5522.0
GLSEHPS7UYJVYUTR,890.0
BRAEBBMQWBGB5ZFQ,1819.5
PELEG5CSGASSHHBK,619.5
ARPEE3YXEPFNJGUZ,7199.0
RNGEDAK7ZDCDHUZF,11951.5
SFFEGG74CMKFQVHF,3233.0
NKCDTAXFQMHPMUTQ,7789.5
CAGE9ABB78YZUHEQ,8590.0
NKCDYQ3RCVCSYD2E,2821.0
BRAEBUHYHEYKZKHK,6876.5
WATEBMY8HWCHMZZ5,4235.5
SHOEBYWT3QBBAVXJ,5115.0
TOPEFGG8TJGJ7QDT,4912.0
VANE3YXDHDRWR9FU,6824.5
ACCEGKFHHFX5B8HJ,3277.5
RNGEDAPSZFBHAGJY,4756.0
LJGEHFBTFDGHGGWD,3192.5
NKCDRDWAZU9ZJNHZ,4327.0
CTTEH9FWFHGR9EPK,674.0
BRAEBXRBH28AMHPF,7977.5
NKCE7MMGPQRJ3PEH,2752.5
BRAEB9SJUP6T68FB,3008.0
MUGEAYHPFEWRVJH6,2258.0
NKCED6EXRYZV74VY,4142.0
POXEHPSHDKBCTWCF,4899.5
SWDEJWDGXNYEXPXF,2428.5
PBXEAP3SVFJRZJK2,3686.5
NKCEBP8AQZGMMWT9,5023.5
ACCDXH5JGXMTZFTZ,7233.0
CRTECN2QZUD25VFN,1520.0
BBAEC897YCBZPV8H,6572.0
PENEGGTYTYGDHXQK,4510.5
NKCDW898UNJX5BWE,4545.0
NKCE8ZJ2643HGFYQ,6333.5
PWTEB7H2E4KCYUE3,3650.0
KLSEGTBQ6PSU8NTG,8982.0
TOPE7QTUDHZZZHVS,3565.5
ACCEGZ6BY4ZPBWWV,5196.0
NKCEYUVR3MHTVGGJ,10628.0
NKCEB2S9CGCM3CCQ,3474.5
NKCEGGEKZXHG2ZGN,5983.5
CRGE9667SJM3Z4PH,6710.5
LBXEHH5WRYQQGNSM,5069.0
ACCEGKFHRM4ZGYZP,3769.0
BRAE4VPRPHT9SYZZ,1227.5
SHOEBDTHZDHFPHHG,4640.5
SNDEJGYFP2AT3FMH,5661.0
CAGDW63HG5JBCVGA,3663.0
TOPEBBGNQEVQZ2W6,3901.0
TUNE6VK2GCBPBYFW,6087.0
CLTEGMUMNQXUEHHX,6221.5
PTPECA2QYCZH8MBV,2975.0
CAGEBTJCMAJG7NW3,2257.5
SHOEDHHSRF6FMWGA,1839.5
NKCE9Q93AZYXVKYN,6799.0
PCSE2ZMUZH9PARZZ,5834.0
NKCE7MBRM6JAPEAX,4096.5
CAGEBTGEHMQUS8NH,6256.5
MUGEBFGFRUMZGKNN,2213.0
CRTECN2QVZZS3FER,2038.0
WATDJTR93NB8HHQC,6996.5
ACCEGSAZPGAHTHNH,4373.5
NKCE73KHF8KTYMRQ,3716.5
TSHEHU5RW2VDGFKZ,5488.0
CRTECN2QUHGUJNDZ,3546.5
RTRDNY65WHG9FHTS,8237.5
SUDEGGB473ACY9MF,2411.5
SHOEG7NWGF93MFVT,4715.5
SGLEJJ6HEU8GVW4W,715.0
MNKE5YG7USVVTPCZ,2369.5
LNGEBDTBGWTXTYWT,4430.0
SHOE652MJRRMFBEF,1939.0
NKCE87C3C9QYYBTM,4897.0
CRTECN2QVJBRMHRN,2701.0
NKCECPQAERMCV6YM,7528.5
SCHE82QGQ2XPDCYM,3895.5
TOPE8ZAFY82P7AGT,5364.0
RTRD4KY4UNGYCZFG,7688.0
TOPECRP5KCUZWYGA,3318.0
NKCEBFWTHMVVNRDP,3390.0
CRTEA7HA7X3CW7YQ,3438.0
NKCDXHWZHPXRF28E,3051.0
TPYEGGGZHDFZWZ2X,1154.5
ACCEAZCV9DGDZDDD,7591.0
CAGE7DUYEYWSYGBY,5072.0
SLBEG68TKWYVGNKT,6507.0
NKCE7MMGWBZPZJSZ,2258.0
NKCDXHWZGDPDJG7X,3780.5
CAGE8XYYGMRKRRCH,7461.5
PBXE9FEBPXAKEYAP,9933.0
CRTECN2QZVH3J8PV,3710.0
SHIEC8ATMHEWET32,3113.5
RLRDY36SXZNHEQWA,5551.0
CRTECN2QVP7WKETJ,2298.5
NKCDSCF3PH6MPP5N,2690.0
BRAE5PKZ8QXFHWGK,1720.5
NKCDZHF7TKGY8BAX,3244.0
BRAEA8YRRGJJWVHB,1778.0
CAGED3YQSJXNZRJF,4078.5
CRTECN2QZH9J6EHK,2747.5
PBXEAT5YASJRMNG7,8976.5
SNDEDGAFFSHFKZN2,9674.0
BRAEBXRBYGYKC76H,7474.5
VANEB97UCYGMNHRY,6601.5
CAGE9ABAPMTWEJGH,5193.5
TOPE8E8NJXHZ4S9N,4106.0
SKIECYAEGGB8EPWU,5708.5
ACCEGKFFSRRVD7Y8,6098.0
NKCEYGTG8H79NJYY,6356.5
NKCE5V95W2BFNBCZ,2639.5
TSHEHU5RTMMTFVFG,5661.5
NKCED6EYRDRJKTPC,11787.0
SHVEGZUHGVYZBRW8,10181.0
NKCEA5FHSF4NWKBT,1127.0
ETHEGMHHGGCXMSYA,308.0
MUGEACY8U2HXTXZ3,3588.5
SHOEC8QG3CV6YYDJ,4350.0
BRAEBUHTPZGHB6HG,7311.0
CRTECN2RV7NHG8XK,4168.0
TOPEFGG8FEQUZSMS,4848.0
TROEGZMRNERWAHEB,892.0
SHTE7FR4YZZ77Z9Q,5970.5
BRAEDZA3KZVHZZHZ,1808.0
CAGE8X8XGZGQGWVN,3757.0
VPAEHPYYFKG4NG39,3953.0
PTPEFJHG6SUSBPG8,4957.5
PTSEDAZU69CBFF2M,4550.5
BLAEFNHBFWEXG6YM,5508.5
HIFEB7J3RCFHZ5DB,6287.5
BRAE3TSHZWH8YWED,2262.5
NKCEANB7H8P6QY4K,1743.0
CRTEB774Q8HJYPMB,4289.5
PCSDYQEVGFZSGRQJ,6900.5
BBAEJKECZ2ZNAUZQ,13075.5
BRAE6HUHPGFHGEER,4320.5
NKCEFMZUGH4NG7F6,2614.5
PCSEE4H5ZCFWZZRZ,11385.5
BRAEB96BZWFCDVY3,8850.0
SNDE95MFPFPJ66M6,3077.0
KRTE9JEZ28H4ZWM4,8199.0
CRTECN2QUTVCTHHS,5174.0
CRTEJUA36GHKGQEY,2414.5
SUDEHYGUMVVYKJCW,6067.0
WATDUNJ7YKMGG9RZ,5009.5
DIAEJUCEZNKKK4FK,2450.0
SHIEBZB49VZZQRKK,3803.5
TOPEAZ88AGF3KJHS,1313.0
DREECR3HFXYFPHD4,3470.0
NKCE8SESAZ4K8HZC,3739.5
SNDEE5FMQ5YQAKMZ,5243.5
RTRE9N5GJGJ2GMRV,4945.0
WATEBNXNMQQQFSQG,4301.0
SNDE3E6YB6AZJDGC,15322.0
SWTEAW3STNNJSKNP,11071.0
NKCE7AGZQB7Z7UFM,2653.0
WATE7VE2MFQWBF4H,4007.5
PCSEDCWJBHDR9EYU,6031.0
WATDZ2ZQHSAYJPWK,9301.5
DREECJV2GVFHGQB7,6877.0
ACBECFGTZHFZ64PN,5927.5
BRAE3P8YHGJF5WUZ,2870.5
DREEDVHXSAAZSBTZ,2306.0
ACBEB3489M4NQZBD,4735.5
EMSEDSHQ3VU6T8Y2,3283.5
SUDEGGATDVCMWGGH,4493.5
PBXEBESSDYBYUGXT,8449.0
ACCEDFVFVMKXJGGG,5694.0
BRAE3UG9P8GJXZ2X,3375.0
SHOEJUQFQURGGFY4,859.0
SHIEJYHMR7DUKT8W,2875.0
SUDEGGATJKZYUZUP,2120.0
RTRDZBJ5VAZG7VGC,6980.0
RNGEDAKBZPHKHGCQ,6440.5
BLAEEH2ZJ3G9DA7G,6079.5
SHIEB468NVUG5HMP,7252.0
BRAE3TSHZQDVSGYY,4947.0
PBXEAFTPFDK6BRHK,4924.0
TKPEFT4AD3ZQZZHN,6288.0
ACCEGYP259YXZJ4H,2310.0
RTRE3KKXMVHMRQ6C,3134.5
NKCDXYFHHPBSYJDZ,3607.0
SHIECASQHFWX59GJ,2867.0
TOPEGQKDATUDJTAG,5613.5
BRAECBDFZAEZYD2Y,757.5
WATE4S5RZ8P5JZHZ,11071.0
CPIEJHF6GZEM7SPY,5930.0
CRTECN2QVMFZFNGC,2682.0
SNDEGGRYTVYGPR6F,2370.5
RNGEBPU7PG8W88TV,9968.0
HMBEDCJHT4FCFKGD,7353.0
NKCEC87S2ZAZBYAR,2831.5
NKCEC88C4GV4UFN3,5010.5
SNDEA42M6GZNV7M3,6758.0
SGLEGBV8BENMFZGH,9577.0
RNGE7M92PHFGGBUJ,6648.5
BRAE3CYXV4JGWEDA,1253.5
CBREGYBXZKY5VKSK,4568.5
CBKEJ3AN6GEACKYR,9577.5
TOPEBR5GNG9MACAD,4371.0
FABE78FYGHF22FNE,6687.5
ACCDX8ZWQFTTGZYK,10921.0
KRTE39Q4GVHFHWZV,5626.5
ACCEGGBTG3HMNHNA,3672.0
RNGEGMMBCJGQGGEF,9886.5
BRAECTFYVHHKMV9H,6238.5
NKCDU4RZRCYAZHY7,3436.0
BRAECFARHCG7P8WT,4573.5
BRAE3TSHZ2XFSNUT,2687.0
JEAEFYQHSR7BWPG9,734.5
WATE3HFNMGVTZEDS,10144.0
SCHE3Z7Q3TSVYMRP,4610.0
DIAEJUCFHWGHUQFP,2742.0
NKCEASN6TXJGHZUE,5722.5
WATEYAP2ZFEV2JKG,4628.0
AVCEJCHCDNFTHSQC,5198.5
FABE88MH3NGH8MUD,2954.5
PCSDY5AHFNSPGSV8,4365.0
BRAE785RYFT8WTHK,6923.5
PANEJQ5YHAHQYD4F,3654.5
NKCED6GHCAHTHNCZ,9410.5
ACCDVDC8S5JWEE6X,5729.0
RNGEDAK9YXVZV6G9,5057.5
ACCEGG9V98NCXGPE,4701.5
ACCEGH6RNERXNQHW,2966.0
BRAEGP6SFGYKNNCD,6460.5
RNGEBQZQGQVJZEHC,5293.5
NKCE9G2BGNV9RDXG,3284.0
TOPEYP876AAGE9NC,3366.5
RNGDTBQTBEMPDBMB,5102.5
PCSEC86VVTQJN5AQ,7058.5
NKCECZG4EYKY7XEH,2490.5
PBXE5YGWHMS88ZBW,3086.0
NKCEDCT9CFG3HCAQ,10652.5
NKCE3Y5PDN4U66HC,6676.0
NKCEANMPKCDG8DRP,9235.5
RTREFDXTZ4GGGAEX,2887.0
NKCE5WSJTFZWUWBV,4925.0
NKCEB3GZSB8GTXCT,3625.0
NKCEA5FHBGJ9JPFY,2067.5
PCSEAN2WCFR4FXVB,7566.5
MUGEAGGKYWKB6YGX,3831.5
RNGE7M92HHHRXZKG,9075.5
BRAE8TFMPNB5GSF5,1759.5
NKCEAFDAZGYPTKGF,7611.5
TROEGZQHT4UCZVKV,4170.5
PACE5P38T4FEUHZC,2253.5
NKCE8E6YSG2KQEGD,2715.5
CAGE8PKGGGHUXMEN,2258.5
PBXEBJ4NUDH3PXZY,11808.0
NKCEA5FH8FXQKFAG,3405.0
VLBEGZ7SZTDCNGTE,11069.5
NKCECZG4HNVBZRYY,6974.5
NKCE9PFF5XE5AJYU,4388.5
TOPECB4EZYHC6C3B,2872.5
TOPEBW2YNZX56YAK,5012.0
PCSEAKVBT8SMGNXV,8194.0
MDYEJF57MVYHRCUN,5486.0
FABE7B2FGV9CDFZH,3601.5
NKCE89MSGZ7NVZ7D,3416.0
DRPEHYHH78DZHUZG,3285.0
NKCEDCT9HMYQSMGV,3040.0
NKCE7H5KZTH3V6AF,3805.0
NKCE2W3WYHE8SCJD,4959.0
NKCE9PNY6Z8VKAQY,6288.0
FABEAJUHWGPHZUGU,7117.0
SWSEBS2UXYZBSY2Y,4767.0
PCSEC86VA2HGZGXW,5457.0
BRAE9Z5TFXB7466Z,1938.5
LSKE99UKDTDN7HBM,8913.0
NKCEBHGB3FZSR5RH,8949.0
TOPEHZNTFAHEZMQA,4393.5
PCSEAYRTZYDSPGMB,7335.0
SUDEGGAUR7EGNEQ6,7606.0
TSHEB72FPCF54KZU,6515.5
SHTEJGESKVEMGRYR,4890.5
SHOE2NKQ4NXGAMYX,3671.0
BRAE3TSHUSSFTGHN,7449.0
NKCEAHPFWCZQQBAG,3293.0
BRFEHTTQHPRGKZZY,5040.5
BRAE2NF6XZZJ6EXG,2855.0
NKCEYUVRNDSCECZR,2832.0
PBXE84AFK5C9NMYV,4349.5
SUDEGVG4VNMYZWXT,3139.0
NKCE5W339WJ23R7Z,2936.0
CRTECN2QUBGAGPCK,5379.5
BRAEGG4P8HYHRAC9,4167.5
SWTED625BMZKJXHP,3172.5
BRAEB9SJZKCAY5SY,3630.0
WATE8E8PCQJAQNAP,9122.5
MUGECJZ2AHNZ2JHS,3793.5
PTPEFJHGGFH7GA3Q,3811.0
SHOEH76627H5HRHM,4576.0
CAGE9ABA6MTKHCNM,3752.5
CAGE5NGBUYYEVZ8S,4646.0
TOPEGH27GZK5XG7P,11735.5
JEAEGFMNENQ9G6AN,1264.0
MUGEBFGFYPNW7GQ8,1869.0
NKCECYNZGPXQ6HR6,3748.0
RTRDB8GKEGG5E3XG,3158.0
NKCED6HQP5QHVGGP,5794.0
PBXEBWY3QC5WCPHS,1630.0
NKCEY8KWTM9HZKDJ,6731.0
ACCDX8ZUCDGVWWWB,5529.5
CRGEB5MNWY2XSW7T,6112.5
PTPEJPZSEFCE3CZW,4657.5
RTRDMTEPFH3EVUM6,2197.5
SHOECQQFYNSCRFBR,2585.0
PBXEBQGHT5PYSDHM,4404.0
SRTEH2FF9KEDEFGF,3512.5
TOPE75N4JHUJCF2H,8672.0
VAFEHQZYGH5HRJJP,4038.0
BRAE3SGZXAPZKGDK,1762.0
SWDEJXHARNREQZVK,5694.0
SGLEGBV5ANNWWFZX,8922.0
SHIE7BZ9CHKNXZJU,3693.0
BRAEE3RMMRRFQ9AD,2931.0
MUGEAGGKYSMHGRMH,1930.0
MUGEB3GZ4ZYHF24Z,1999.0
CRGEYZ5FGRTYJUT6,5906.0
TOPEGHZ7ARZWUVFS,1923.5
CAGE8PKGXDZFUTHH,2909.5
ACCEDTNRXHXZKH4G,5184.0
CRTECN2QZWHEJRGA,6245.5
PCSEBZQ5GMBXZFCF,9126.5
MUGECEVF7HGA3QMQ,3679.5
NKCE6ADEUEPXCHHK,2422.5
BRAEBBYRZKNYWP6G,1776.0
BBAEGGDE8QWHDEYB,4048.5
HOKE6KZCEZJFHQMY,4887.5
BRAEBBYRXQSD8NZX,1980.0
NKCEBF56FWWZ35HR,6356.5
MUGE5HG8VVGMBN5M,3028.0
BRAE5VA9GBGW7M7K,779.5
CAGE7TVZ8PH9GJQU,9871.0
CAGE9ABATUHJ8G4X,10102.0
MUGECEVF4WG8JSZ9,2526.0
PCSE4V8HRKQH5A5V,8532.5
NKCE4VA4FAZ7FTFM,1679.5
BRAE3TSHPTKBVBHK,6379.5
ACCEGYP2FYTWVKUB,1590.5
CRTECN2QYKPMZGNZ,2598.5
NKCDXEGW7APJ97YS,3645.0
NKCE9ZVGJQNZWRN4,2153.5
HAREGG26DYDGEYRH,4545.5
DRPEEZNFGG9J9KAV,6909.0
MUGEACY8EWA937QD,3883.0
NKCEA5FHZSG4SVZP,4160.0
TSHEHU5RPEPPZW2R,5506.5
TSHEGF9S8MT2MVYV,2986.0
SUDEGGB4ES3XZCKP,6700.0
SHODPH4GEYW54KMT,5863.0
TSHE4F2GSWVGKG4D,6210.5
SHTEAGGFBZGZMFCF,4447.5
RNGEH8WN5KNHEFWJ,4171.5
RNGE9HDPGG8ZHUJZ,4029.5
PBXE9EJKVEFQQTJH,5329.0
NKCE4PZ6EPR4AKZY,3146.0
TOPEHTU46JAHMV33,4555.5
NKCEBFWTYSW72YJK,1797.5
RTRDY9NVKBBNGYMU,1598.0
CAGE3GFTKFNDSUJY,7493.0
DREEAEB8XNSACHQB,4755.0
BZREBXM8H66HR9CX,3845.5
RNGEGMMBHHARCJ6H,1654.0
SHIE3QDHFYNWATPT,7602.0
MUGEBFGFYQPGRQ7Z,3287.0
RNGDTBQURWKKGMZZ,3980.0
AIREBA9VGER68DFH,8349.0
SHIEB7957MQBWGV3,3702.0
BKPEGXYVX4CG7UWX,5761.5
ACCEGZ6BBHDP23K8,4574.0
CAGEBPNU8TKUG6NM,2008.0
NKCE92XFXH9HH8BT,8178.5
NKCE9GR9GFMQ9TNZ,4817.5
TKPEGM48GGD2QKZN,3921.0
BRAEBP5JJA24D2YS,6161.5
CAGE6FYKDHFFNFHG,7341.0
NKCE9PFFKZWGCJMV,1932.5
NKCEC87RGJPXNK7P,2511.0
SHODUMFYWHFYZRPY,5559.0
BRAE7DNYSXZSXG9S,471.5
SGLEJJ7HNYDPKZ5P,4779.0
TSHEGMWZYCTCDAAZ,7028.0
PANEJQ54895A7GHS,9458.5
BRAED6C5RRZJBRNP,6579.5
PCSE4FKCGZNGNHFN,5241.0
NKCDRDWANFDGXSSK,4409.5
MUGE9P6DPPNA4TUS,3834.5
CRTECN2QZ7DHY6GV,3168.5
BRAE6FMZTRTKVXU6,1384.0
LEAE8UKZFQRUTMAG,2956.0
SHOEAPCYWEAFSFU5,4368.0
SNDE5TY3KAETEZVX,8408.0
PBXEAFTPXKDJHHYN,3047.5
TOPEGWURCXSZMQ6H,2909.5
NKCE9Q93NGS45HGG,7170.0
SNDEAYZZWRXJSFWH,7188.0
NDNEJRAPFDZ3R2HG,1264.5
PCSEDP3UUPFTQFCU,7254.5
ACCEGH6SPZF3AHH6,4322.5
NKCEASN6ED2AZSGJ,4137.0
SCFEFTYSYX8BTZ4P,5000.0
PACEAYZANXQFKGZ3,2151.5
RNGEDAKCZHXRBG9G,6400.5
CAGE4Y4FXXUZS4ZP,7610.0
WATE7H4UYKQP363Z,11516.0
CCVEFX5JZHYKHHHF,2226.5
CRTECN2QSBAQ24DZ,5330.0
NKCECHX4UCYT4MYX,1914.0
WATDAZPXK8FSPGB4,10675.5
BRAEYFDEH7WZVJVG,2013.0
PACE43HFHCYGHYFK,3890.5
SRTEGUA8AG9HYTAH,2868.5
RTRE96W36WAJHRCF,2352.5
RAQDCNWAHJK9JNUY,4534.5
BRAE5F3KGVA8WAJH,2733.0
WATDZ5HGDFYKXHYT,1903.5
JCKEJNEZZ2RFFJS5,5639.5
TUNEAUVH8G8ZPGYC,8335.0
SHOE44ZFTHMTAB6C,3538.5
BRAEE6YMGMKH7DCZ,7937.5
WATDGFAQBJJV2TTK,9129.0
MUGEBFGFYM5T6KNW,2391.0
SHOEBG6ZS2YREWHD,4683.5
PCSEAKVBBGJAZTHM,6015.5
ACCE73VFWU9JYKEF,3042.0
CRTECUWZDJRHRFNK,2582.0
NKCEBHGBYC9ZH3ZX,4274.5
NKCEGMUCHG4CKEGB,5501.5
NKCDXPZS8AZMWHZB,1789.5
CRTECN2QZFVWFX3S,4756.5
RTRDW77Y4D3QTBUG,2274.5
NKCEA4CAWGKJ5SBV,441.0
CNSEHF8FGDHAGGGR,6476.0
ACCDXH5JHWBCNQQ4,3160.0
TOPE4DS8VQC2KCD8,5156.5
BRAE7T3WRRVYQQEG,1174.5
CRTEB774DZGQJXV8,1470.0
BRAEGJFXWMKWGTG5,6480.5
TSHEE4WZVGVAMRAP,5295.0
CGCEEFZSURUGRCUG,2554.0
NKCE6NHRZA6ZXMTZ,4951.5
ACCE8XZMDHKTDDTY,5693.5
TOPE954FVTRCRXUN,4530.0
TSHE4S257WYDXMMX,6637.5
WATEHYW2GJW9SZYZ,2336.0
RTRE2TYN2XUPCEVH,2370.5
WLKEEXSVZWZHJEZW,11671.5
BRAECKHYDVMUMAKF,762.5
PBXEAT5YDFMUMHGB,4715.0
SHIEBG6FHNFZ2TFP,3123.0
SHIED3RY2QZE2EWM,3521.5
CAPEJZVUAZAEGXZ4,4642.0
WCKE2TFFFYHKUM68,5499.5
NKCECJPC5HBBSFKZ,2500.0
BRAE7NMEGDDHG3EX,1706.5
ACCDXFPYVJCMFGET,7287.0
FSEEJVNPNZHCXNNK,1565.0
CRTECN2QZ4NY4SSZ,4151.0
NKCDYQ3RYDG2GMZB,5922.5
SGLEJCHSWBMHVVNG,5126.0
TOPECCNVM4SN9F9C,6753.5
NKCE74XGF3PPAZ3Q,2735.0
WATE5HFYXEJRCTHF,4724.0
NKCE8V3ZHGGGHHDH,7368.0
PBXE9CVJ6G5NAQFH,3218.0
CNDEGVE65UWDPCYC,4795.0
CRTECN2QV9AZBYNG,2294.0
NKCDU4RZPGSGYY4Q,4036.5
NKCE9YFBR7ZAMBNJ,7424.0
SNDE6W34GVRVHWQQ,10310.5
CRTECN2QZCGZSGK8,3160.5
BBAEGFHEYYMKHFZR,3023.5
WATEAUABHVPGRBAS,3794.0
CRTECN2QZVUWVHZZ,4338.0
ACCEGH6TMFNCMYJB,3479.5
PBXE9WEVHF3ZBQHW,8955.5
WCKE2TFYWX9QW3YC,4485.5
BRAEDTNZZRXBHZGZ,2120.5
BAREGJ8B2Y3TPUWH,7707.5
SHOEJCKBGJGZQJHN,1762.5
NKCE9Z2JQGBBSMTM,3270.0
TKPEHGWYVVXUYCFC,4664.5
CRTECN2QYGNYMVY8,4073.0
CAEE9Y64FBPZJUUH,9062.0
ACCDSY8EMKXZM8EW,8284.5
CRTECN2QUZBANWHU,5814.5
SHOEDH9AS48SSFBT,3359.0
CRTECN2QVV8ZGNWK,3927.0
NKCDU4RZ9HWVUHGW,8921.0
SNDEEFTGRRUZSFGJ,4710.0
NKCE8P4V9ZQCAYZN,3010.0
NKCE76TNSYX6ZQ9Z,3095.0
CPLEHB7C7ZJGHEQU,3439.0
SRTEGWKKQABUMGFA,5488.5
NKCE38HBTZXEXXUG,5271.0
SHIE3QDGUEGVZJZ8,5110.0
NKCDY8S8ZPV4YA9S,4010.0
SHOECXPHZSFGQEZZ,8570.5
RNGE88FQ5SDTSFY7,4737.5
NKCEAP3S6G8ZEGB6,2395.0
JEAEHUHKEAEUXSRQ,4297.0
BRAE8WPSG4FMHFXF,1388.5
RTRE9JEGMXHZ5RHQ,4546.5
SHIEYSPPPDGTSGFX,5249.5
SHOECJD5WVAGAJEH,3379.0
WATEYAP3FEPWZ8MH,6875.0
DREDRCRHDXQNK4RB,5513.5
TOPE7ZHZHT3SKKMN,5180.5
SNDEBBK5Z6KUQZZF,6090.5
WATE2RX9HHGBUQGA,7433.0
WATE2HX6JQGRXSEA,2500.5
NKCEDCT9MZNZ7D8B,2372.5
SHIE8HXEEX69GA9F,3562.5
DREDYSNRZGBFFVQ5,5197.5
NKCEACYSTHNBFPM8,5461.0
SUDEHYGURKV9EVVS,6056.5
BRAEDQDFPNUQGUVG,1971.5
PBXE829GJ3ESYYMQ,3324.5
LJGE9TGNUKM2UGWC,5535.5
MUGEBJ7XBXMRUHQC,3353.0
BRAEB9SJMFKF39ZW,6897.0
RNGE864HPZG96WNH,3539.5
BBAEFYZ9HC3R7CSS,5214.5
CRTECN2QZZHZH8H3,2088.5
NKCE49ATHBGGPBDM,2667.5
PBXE5ZJZBKZKFUTT,9682.0
SNDEGGQ6T4W8ZGKH,13765.0
NKCEANMPQABUFANV,2760.5
CLTEHE9FNVRTJUGS,2732.0
NKCE9PFFJHGX23NG,8279.5
NKCE6KGHUMC3DZNK,5694.5
NKCE96SXSGHZ3GZA,836.5
BRAEBUHTHHJDHGHE,7200.5
SNDEGFJQBJWUCSHS,7480.0
ACCDQDYBPHVQ9EFC,7912.5
PBXE84AFH8Y5KECY,1215.5
KHREGSDWQZKZRY3J,5199.0
PBXECNFSCHBSHZM9,8697.5
CRTE8389ZZJS6W9E,382.5
CRTECN2QZFRKZPZU,3428.0
TOPE89KYEWKHKRDZ,941.0
SHIEBXSH3GADDFBP,2414.5
CRTECN2QYZ9YX3JR,4014.0
BDSEJJ7CMKHRWVCZ,7804.0
BRAE8EHTGUTM8CX2,10502.5
BRAE3P8YRJ69HFQT,8523.5
SUDEGGATYHBGUFTF,3414.0
NKCE9YX36WBZF9HJ,6221.5
SUIE5GT3DSJCKEJF,9630.5
RTRDYKU6F2GVR3CR,3219.0
ACCEGH6TEZ8CAXEH,1902.0
SRTEGWKHGMNG3WRJ,5072.0
CRTECN2RCNAMYX2E,6927.0
ACCEGG9Z4QCZJZFJ,4357.0
BRAE4S2FYF4RN49J,1664.0
ACCEAHRFFH3S7HFF,8853.5
NKCE9JBQGG5PHQFM,4666.0
CRTECN2QYU4SJADV,3560.0
NKCECQYZNVJKFMJV,11743.0
RNGDUZU5VCYXAAEM,3782.0
SUDEHYGU9BE2XETS,6871.0
PBXE5YGWHPQGBWG3,4221.0
ACCEGGAYDMUYE7SK,7356.0
WATEHVHJHMCGW3VN,3266.5
MUGECJZ23GD5PE6C,2616.5
PADEHZFHGHFQJAXV,5508.0
CRTECN2R7EXGYGFZ,4171.5
PBXEAJVRRK6MXXKH,2399.0
PBXE9YWJHHERWPG4,5248.5
WATDFFH3PGFHHZH8,15835.0
TOPEGFXU8ZAGFGNZ,1501.5
SHOE6ZQEB694PVM8,3652.5
ACCE8VP6PZDUEYGP,2919.0
WATE2FAGESM5B5VZ,7162.0
BRAECC9JFBY5YSEY,4078.0
BRAEYFDGSY9S9ZDW,4080.0
PELEGPF7C9YZFKDM,3684.0
ACCE93ZDRDSJD3RG,2501.0
NKCE9YFB9BZZ8ZFF,12216.5
JWSDZCHGUTXYUGZD,9319.0
SHIE7DFNVCR8KUGP,3624.5
NKCE9PFFXGMFX5PB,9447.5
CRTECN2RZRH6FTYZ,1991.0
JWSEJFMHQEMPZPGK,4282.5
CAGDU9C3ZBMU4CGR,5351.5
PACE5M34GBFNK4F3,6322.5
BRAE8WYHXBEEPGDQ,2893.5
RNGED78RWSSAT7GT,9222.0
NKCECGT3EZHNNRAT,6814.0
TMLED7GYYPZ3ZXGW,5318.0
PELEJUCGUAPQRCZX,8723.5
BRAE6ZCHHPFNBYNU,1477.0
SUDEGGATXD4BMC2G,4330.5
ACCEGG9Z5UB2JZYH,2604.5
LJGEJQ4NA7BDGQWZ,4887.0
JCKEJFPDVWBKHPFY,5827.5
RNGEE8ZHQ4HRM5WY,7236.0
CRTECN2QTCW9VDKR,2744.5
RNGE9HE7BKMCZGRV,5229.5
CRTECN2QYYFYJFTV,2545.5
BRADM8DWSRMPPNNX,1318.5
SHIE7VFYJHKGMXUR,3009.0
TOPE8ZAFC7JSV7QX,3695.0
VANEGQCWZYFZ3EYJ,6716.5
TOPEYY5YK3WEGGXX,3755.5
MNGEJPST4MZDZCHT,2606.5
PYJEJMHJNXJ6NGKC,9384.5
PADEHZFHCNQGWNNS,3846.0
CRTECN2QTWDYRKGW,2715.0
JWSDSCB7SN9AYB4B,8307.5
RNGEAM4ZFGWHWMYZ,4247.5
TOPEBRYGRZFGPMHP,2303.0
GLSEHEHZAZEJMRVF,5954.0
ACCDYAGVFPSCPQUY,5995.0
NKCEAJP6DGFV8AEZ,10438.5
CAGE7CJVGGHQYZDQ,1798.5
SNDEBYH3ZR33KSAG,6862.0
RTRDK7TWJB6RCNP9,4129.5
RTRE38HF433WXQJD,3367.5
SNDEDG6HNGZDZXBV,1518.0
BRAEDT7STGZCKHEB,5466.0
ACCE6RHG47DESW3Q,6102.0
CSPEGMVJJDYAYQYG,4425.0
NKCE2NKZT6GSFFV5,2940.5
ACCEGG9UN8H6EHGA,2037.0
WATEBJ37KBB3SEBR,3851.0
CRTECN2QSGCA6CSF,2469.0
SNDEHZPDSQZYASGW,4497.5
CAGEYUXVHFYNCAYD,7061.5
PCSE69MFRZSMYVRH,12822.5
SNDEHZPDZMNZGHEQ,3344.5
MUGEAGGKQMGVUVJT,2088.0
SHOE3S9BGUAGYE5X,4469.0
MUGEAGGKHU2G6PT8,3354.5
SHOEBG79YJZD9C33,1985.5
GKEE5ZZ34VYKVZEK,6705.5
ECIEF6JYYJ4PHJ3Q,5947.5
TROEGNRFM8FCZHHM,2296.0
SHTEYSPQAB9KAUVG,4637.5
TWCEJFXH4EU2JZYG,9377.5
WATE6S3AMDGT5PVG,2981.5
MTYEJJAQYHCNKYZZ,4900.0
NKCE845VFGMPFFMT,9139.0
BRAE3WVQSRGWGHZV,7605.0
ACCEKFVWTGZXG5XK,5406.0
BRAEE6YMKFPSHPY3,1299.0
RNGE7M92FZVK8YWH,6590.0
BRAEBBMQWZYHZFGE,1317.0
ACCEGZ66ATHMFPJV,4676.5
NKCE7UEX7BGCCZUY,4441.0
CAGE5H7JE9G72SHT,7851.5
TMLECXEQGAQXQKDG,4794.0
NKCECZFZY9YTKGTW,6119.0
SHIECFNXZ7W9GVYZ,4183.0
MUGEAGGKZEFKTZ8U,3901.0
SHOEFECFFYBYP9QR,4169.0
GLSEHB7RQJFVT6GS,7751.0
NKCEASCZU8K6XDGF,920.5
LFHDBF4BY3PS66NG,4773.0
TOPE8E8NZP256K8G,4418.0
SNDE8SSKSSARAXHJ,7796.5
CRTECN2QXHGGKHWV,3638.0
JEAE9PP49AH6PQCW,4168.5
PCSE94FSG87ETQY2,12277.0
NKCEANMPNFSQ2K6X,4529.5
PCSECV3FTHYGHHHF,7945.5
GRKEG679TVS7CSPA,4612.5
TOPE7T5FMBVW9EFY,10178.5
SHOECXZEHUBBZYJV,4819.5
CCVEFV4RRNH9FAHH,3329.0
PCSDYQEVCWZSZH8V,9397.0
BRAE3TSHUSJJYKM7,1335.5
PADEHZFHMTEUP8YG,4148.5
NKCE6UWHWNCNCFQF,3263.5
MUGE6S9YXRP8MRQC,3748.5
WATECKYCCMXUQQMS,5599.0
SHOEJNY2X4CUEGTM,5402.5
PCSEAKVBCZWH8HDS,9145.0
NKCDV9SXP4JGZDKK,2144.5
BDSEJTHNGWVGWWQU,2589.0
BRAEYPGFGBRMAEZA,6791.5
NKCE8RB5WMWAWNHJ,3336.0
BRAECKHZRU4RZKQH,6606.5
HRCEHF2CDHYWPFVN,5516.0
WATE8PBFJDAEDYFQ,7169.0
TOPE8QNKRJHBNWNV,4533.0
PBXEAJVRSJFJ2APN,3316.0
SUDEHYGUFAGB4NYH,5087.5
JEAEGGDJGFGQXEKV,5173.5
SHTEDCZWPM7F8GAM,3930.5
WATE3NWHWKVDFSDN,1581.0
ACCECHF4VZYHA4XZ,4718.5
PTPDVPEXSANDVSJQ,4133.5
JEAEGHQYYGDYDBWY,1431.5
BRAEDSKCYE7BNKZ4,6066.0
VLBEHHWFMGCMEM4K,533.0
TOPEHXA27XJFNSGV,2056.0
ACCEGH6SEMYHF34Y,4433.0
RNGE7M922VGFBDGG,4397.0
CRTECN2QZ4XUY84U,3055.5
ACBECFGTYJ3E8VHE,4988.0
NKCE38HBJCPPYWKH,5473.5
BRAE7SQFKFNVCTB9,7087.5
TOPDW7AQKZZHFCZF,4503.0
SHIE9YDH4WHHEXZH,5618.0
DRPEHYHMEUCSYGKA,4307.0
RNGEHFDYGPHZ3HGA,2581.5
SHOEJVGTSYMHYFBX,3514.0
ACCEJGH5QTFVXQZT,5201.0
SHTEJT4D7Y9NTWYZ,1280.0
TOPEHZPAPFNFEHBG,3372.5
NKCE52CSJEGXP6FR,4067.0
PELEJUCGBEHUGMZF,11576.5
BRAEAREZG4Z6ZFK9,3896.0
TOPEHTU4FN9KEAHJ,4927.0
PCSE4FKC73GEKW7W,2778.0
CLTEGMYW2RWRDH5X,5830.0
ACCEGH6SF89RGZQD,3893.5
NKCEANMPGJAZ7BHE,4257.0
CRTEA7HAXMYFVGXX,3045.5
NKCDU4RZQRXJH4JF,574.0
MUGEACY8QGADG5VG,5394.0
PBXEAXGWYNVUUQVY,2838.0
CRTECN2QVE4KYGWY,2874.0
NSTEJHERS3AKXUCW,4175.0
SHIEC8ASQEPSK7FZ,1792.5
RTRD8FNG6FUTFZQJ,2576.0
ACCDXFPFEDJCKQJ3,11075.5
BALEGFXZGSRGJKJY,2958.5
TOPEBQGGJ2C7Y7HZ,5898.5
CAGE6FZSZXFKQHZP,5326.5
TKPEGFWWV9K7PMMD,7934.5
RPEEGGDJN5D8HFRM,4105.5
NKCE6TNZ9YGRGVNF,10870.0
CRTECN2QSGWBHY9F,7213.0
ACCEAHRFCDZHX2CG,9347.0
BRAE75HSN6B5RA9V,6957.5
TOPE8N3BAE7QWZFY,7209.5
WSCEFE4RZ8FRPQTD,3934.5
MUGEGWT5RGJJHSGN,5288.0
MUGEBJ7XHH5AVZV7,3570.5
PCSEC86VAFUTHBPX,9048.5
CRTECN2QUTDWFYGA,2241.5
NKCE9PFFYZYCKJFB,4490.0
RNGE864HRQRATXWQ,4133.5
WATE3GEY74QU9T35,1516.0
WATE9MVXX3DZ5UKD,4032.0
MUGEBFGFYWQRWYDN,2364.5
TOPE9KJEYHXXNBGC,2016.5
TOPECMKVPCH2ZZTY,4705.0
SGLEGBV8VGCMH77F,4239.0
WATDKB7JW7USDVZ6,2189.5
TLPEHAKFGFC9QPM4,5283.5
JUMEBKQJUZHCZHHM,2508.5
JWSEEBEEHKG4ZGRG,8587.5
CRTECN2QSUHUEZZD,3554.0
RNGE7M92NZGZSZJQ,4257.5
TOPE593EQJA4WW4Z,5128.0
BRAEDGM2YE58PGPV,3206.5
PBXEANB7QGWSP25F,8103.0
BRAEE6YMKGHQ4C4K,3346.5
TOPDYMSXBMBWVAS4,8017.0
MATEHFNMZVV9HYUV,10752.0
KRTEFG6MGMW4FQXF,5627.0
SNDEE34XM8XB6ZEX,5783.5
TOPE6HZUKGTFPUFP,6167.0
TOPE954FF9KJSZZN,4086.5
NKCECGVAZYG6SF5S,2306.0
PBXE4Q7YBMXJ53ZG,2121.5
ACCEGXDJMWKWYHPP,4205.5
PCSE6X3Y2HSTHBDW,6501.5
SHIEBZB4U7BKYJTU,3522.0
NKCEAFC847CUEYZX,8594.0
CAGE9JEFFUQQNQHW,10753.0
TSHE8Z4HYFUWCVYB,6668.0
NKCDU4RZURUGSZZ6,3584.0
SHIEFFFPMFH8SZZM,3973.5
DIAEJ6Z8BEDTGGYY,4100.0
RNGEDAK9ZZR8MGY4,6092.5
SNDEHZQ7BSZZJRDT,4569.5
NKCEAP3S6TDGRDVY,10647.0
MUGE8DTSSBPHDZWA,1945.0
SNDEARQ3EKZNNP4M,11733.5
ACCEGKTTMBKZT7JR,1863.0
NKCEAVZ3QEWNHQNR,5812.5
SHTEJRCHC5KESPYX,3159.5
BBAEJK8Z5UD97GTP,2805.5
PCSEDUT3FS8UTKJQ,7028.5
BRAE3Y4ZZZJHJVHV,8486.5
PTYEDMT4FRUDXZCP,3087.5
PCSEAH5WZNWYJE8M,8304.5
BRAEEG6TFTNVFCRM,2603.5
PACEFVZZ2R8ZE5ZH,3109.5
TOPDU2HZGVTAAQJW,4427.5
BRAEBBMQY4T7DFH6,2266.0
TSHEHU5RXEVXH3P7,5259.0
WATECSW5VZSZETGS,3781.0
SGLEGBV7K2MGEGRB,7608.5
WATDP5NHENJGYYXF,6258.0
SUDEHYGUYBE5KGMW,4204.5
RTRDQZ8Z72FRMKGX,1135.5
SHIEAVW5MYGJ4BRR,3667.5
ACCDXH5JXWABF7GH,3887.0
TOPE8TQDQDHZZY9S,4746.0
BRAE3TSHXZFRYAZQ,4987.0
ACCDXFAGYWTHWYGT,6801.0
SWSEBGYUPTH7GSHE,6543.0
DREE9QSVADZEKNJS,4718.5
PBXE5CFUTETHWRZH,10743.5
SHIED78RWUCDPFRH,5319.0
NKCE69P8PC5VR7NY,3731.5
WATEHYHNCANKP5VZ,6044.0
NKCE7PZPRZFYKW3M,3521.5
CHUEF7C3NGW54VJJ,3906.0
NKCE9Q93CUEMGS46,5006.5
RTRE2V3Y6FWVHDW5,3329.0
BRAEE4UZZVMJUGE3,1312.0
SHIE7G263EDTSDU5,4231.0
BRAE3TSHRTGMZA44,7911.0
TOPEHWDGQD9NR6QD,1686.0
NKCEFMZUJEWN3HXY,2050.0
CBKEHJUH7WPZEEGK,6073.5
CRTECN2QXZUFSGHZ,4879.5
SWSEBHCPAKWKRDPR,9106.5
ACCEAMGZGAQWYYMV,3643.0
CRTECN2QZGUQPR93,3904.0
SHOEJBSZ8FS9SNJR,2888.0
BRAE6ZCHV2ZAA9US,3119.5
SUDEGGB28WWTGFUY,6479.0
ACCEAHRFFKPGUGGX,4702.5
BRAEBBMQZDMZAEBV,924.5
NKCED6EXXSFZGQP8,1809.5
SHTECN9HFVZYP2V9,3373.5
RTREAX3DGDRSSYFT,8814.5
RNGE65FGK2TMUC2A,9430.5
ACCEGZ8EWQ7RMZTZ,6503.5
BRAE4DHZEAPXQVRG,1364.0
CAGECHKFAMZCKPFT,802.5
PCSE6SJG9SMAGGHY,3612.0
SNDE25SG2HRJF9JH,7607.0
NKCEAVZ3FCDEUZHG,4815.5
ACCEG7AG8EUZRRZY,6169.5
SHOECH3WZHFCVZWU,3827.0
TOPEAKYKZKRHPMHX,3593.5
NDNEJRAZNQBZQWQK,12516.0
MUGEBFGFDQYJG5TW,5105.5
BBAE9K7BXFUTDNBK,3884.0
RTRDYPA4PJHCJCGF,8744.5
TUNE8FWQBS7TVVT7,5802.0
NKCEGMUABCRGUZPE,3321.0
RNGE7M92KAQWUBCS,6522.0
